--------------------------------------------------------
--  文件已创建 - 星期五-六月-02-2017   
--------------------------------------------------------
--------------------------------------------------------
--  DDL for Table BUTTON
--------------------------------------------------------

  CREATE TABLE "BASE_DDIT"."BUTTON" 
   (	"BUTTON_ID" NUMBER(10,0), 
	"BUTTON_OPID" NVARCHAR2(100), 
	"BUTTON_NAME" NVARCHAR2(100), 
	"BUTTON_OPERATION" NVARCHAR2(100), 
	"BUTTON_MAGIC" NVARCHAR2(100), 
	"BUTTON_DESCRIBE" NVARCHAR2(100), 
	"CREATE_TIME" DATE, 
	"UPDATE_TIME" DATE
   ) PCTFREE 10 PCTUSED 40 INITRANS 1 MAXTRANS 255 NOCOMPRESS LOGGING
  STORAGE(INITIAL 65536 NEXT 1048576 MINEXTENTS 1 MAXEXTENTS 2147483645
  PCTINCREASE 0 FREELISTS 1 FREELIST GROUPS 1 BUFFER_POOL DEFAULT)
  TABLESPACE "USERS" ;
--------------------------------------------------------
--  DDL for Table DICTIONARY
--------------------------------------------------------

  CREATE TABLE "BASE_DDIT"."DICTIONARY" 
   (	"ID" NUMBER(10,0), 
	"DICCATEGORYID" NUMBER(10,0), 
	"DICVALUE" VARCHAR2(200 CHAR), 
	"ENABLED" NUMBER(1,0) DEFAULT (1), 
	"CREATE_TIME" DATE DEFAULT SYSDATE, 
	"UPDATE_TIME" DATE
   ) PCTFREE 10 PCTUSED 40 INITRANS 1 MAXTRANS 255 NOCOMPRESS LOGGING
  STORAGE(INITIAL 65536 NEXT 1048576 MINEXTENTS 1 MAXEXTENTS 2147483645
  PCTINCREASE 0 FREELISTS 1 FREELIST GROUPS 1 BUFFER_POOL DEFAULT)
  TABLESPACE "USERS" ;
--------------------------------------------------------
--  DDL for Table DICTIONARYCATEGORY
--------------------------------------------------------

  CREATE TABLE "BASE_DDIT"."DICTIONARYCATEGORY" 
   (	"ID" NUMBER(10,0), 
	"CATEGORY" VARCHAR2(100 CHAR), 
	"ENABLED" NUMBER(1,0) DEFAULT (1), 
	"CREATE_TIME" DATE DEFAULT SYSDATE, 
	"UPDATE_TIME" DATE
   ) PCTFREE 10 PCTUSED 40 INITRANS 1 MAXTRANS 255 NOCOMPRESS LOGGING
  STORAGE(INITIAL 65536 NEXT 1048576 MINEXTENTS 1 MAXEXTENTS 2147483645
  PCTINCREASE 0 FREELISTS 1 FREELIST GROUPS 1 BUFFER_POOL DEFAULT)
  TABLESPACE "USERS" ;
--------------------------------------------------------
--  DDL for Table LOGINLOG
--------------------------------------------------------

  CREATE TABLE "BASE_DDIT"."LOGINLOG" 
   (	"LOGIN_ID" NUMBER(10,0), 
	"LOGIN_NAME" NVARCHAR2(100), 
	"LOGIN_NICKER" NVARCHAR2(100), 
	"LOGIN_IP" NVARCHAR2(100), 
	"LOGIN_TIME" DATE
   ) PCTFREE 10 PCTUSED 40 INITRANS 1 MAXTRANS 255 NOCOMPRESS LOGGING
  STORAGE(INITIAL 65536 NEXT 1048576 MINEXTENTS 1 MAXEXTENTS 2147483645
  PCTINCREASE 0 FREELISTS 1 FREELIST GROUPS 1 BUFFER_POOL DEFAULT)
  TABLESPACE "USERS" ;
--------------------------------------------------------
--  DDL for Table MENU
--------------------------------------------------------

  CREATE TABLE "BASE_DDIT"."MENU" 
   (	"MENU_ID" NUMBER(10,0), 
	"MENU_NAME" NVARCHAR2(50), 
	"MENU_URL" NVARCHAR2(200), 
	"MENU_PARENTID" NUMBER(10,0), 
	"MENU_ORDER" NUMBER(10,0), 
	"MENU_ICON" NVARCHAR2(100), 
	"ISVISIBLE" NUMBER(10,0) DEFAULT (1), 
	"CREATE_TIME" DATE, 
	"UPDATE_TIME" DATE
   ) PCTFREE 10 PCTUSED 40 INITRANS 1 MAXTRANS 255 NOCOMPRESS LOGGING
  STORAGE(INITIAL 65536 NEXT 1048576 MINEXTENTS 1 MAXEXTENTS 2147483645
  PCTINCREASE 0 FREELISTS 1 FREELIST GROUPS 1 BUFFER_POOL DEFAULT)
  TABLESPACE "USERS" ;
--------------------------------------------------------
--  DDL for Table MENU_BUTTON
--------------------------------------------------------

  CREATE TABLE "BASE_DDIT"."MENU_BUTTON" 
   (	"ID" NUMBER(10,0), 
	"MENU_ID" NUMBER(10,0), 
	"BUTTON_ID" NUMBER(10,0), 
	"ORDERBY" NUMBER(10,0)
   ) PCTFREE 10 PCTUSED 40 INITRANS 1 MAXTRANS 255 NOCOMPRESS LOGGING
  STORAGE(INITIAL 65536 NEXT 1048576 MINEXTENTS 1 MAXEXTENTS 2147483645
  PCTINCREASE 0 FREELISTS 1 FREELIST GROUPS 1 BUFFER_POOL DEFAULT)
  TABLESPACE "USERS" ;
--------------------------------------------------------
--  DDL for Table ROLE
--------------------------------------------------------

  CREATE TABLE "BASE_DDIT"."ROLE" 
   (	"ROLE_ID" NUMBER(10,0), 
	"ROLE_NAME" NVARCHAR2(100), 
	"ROLE_DESCRIPTION" NVARCHAR2(500), 
	"CREATE_TIME" DATE, 
	"UPDATE_TIME" DATE
   ) PCTFREE 10 PCTUSED 40 INITRANS 1 MAXTRANS 255 NOCOMPRESS LOGGING
  STORAGE(INITIAL 65536 NEXT 1048576 MINEXTENTS 1 MAXEXTENTS 2147483645
  PCTINCREASE 0 FREELISTS 1 FREELIST GROUPS 1 BUFFER_POOL DEFAULT)
  TABLESPACE "USERS" ;
--------------------------------------------------------
--  DDL for Table ROLE_BUTTON
--------------------------------------------------------

  CREATE TABLE "BASE_DDIT"."ROLE_BUTTON" 
   (	"ID" NUMBER(10,0), 
	"ROLE_ID" NUMBER(10,0), 
	"MENU_ID" NUMBER(10,0), 
	"BUTTON_ID" NUMBER(10,0)
   ) PCTFREE 10 PCTUSED 40 INITRANS 1 MAXTRANS 255 NOCOMPRESS LOGGING
  STORAGE(INITIAL 65536 NEXT 1048576 MINEXTENTS 1 MAXEXTENTS 2147483645
  PCTINCREASE 0 FREELISTS 1 FREELIST GROUPS 1 BUFFER_POOL DEFAULT)
  TABLESPACE "USERS" ;
--------------------------------------------------------
--  DDL for Table ROLE_MENU
--------------------------------------------------------

  CREATE TABLE "BASE_DDIT"."ROLE_MENU" 
   (	"ROLEMENU_ID" NUMBER(10,0), 
	"ROLE_ID" NUMBER(10,0), 
	"MENU_ID" NUMBER(10,0)
   ) PCTFREE 10 PCTUSED 40 INITRANS 1 MAXTRANS 255 NOCOMPRESS LOGGING
  STORAGE(INITIAL 65536 NEXT 1048576 MINEXTENTS 1 MAXEXTENTS 2147483645
  PCTINCREASE 0 FREELISTS 1 FREELIST GROUPS 1 BUFFER_POOL DEFAULT)
  TABLESPACE "USERS" ;
--------------------------------------------------------
--  DDL for Table SYSTEMINFO
--------------------------------------------------------

  CREATE TABLE "BASE_DDIT"."SYSTEMINFO" 
   (	"SYSTEM_ID" NUMBER(10,0), 
	"SYSTEM_TITLE" NVARCHAR2(100), 
	"SYSTEM_VERSION" NVARCHAR2(50), 
	"SYSTEM_COPYRIGHT" NVARCHAR2(100), 
	"ISVALIDCODE" NUMBER(1,0)
   ) PCTFREE 10 PCTUSED 40 INITRANS 1 MAXTRANS 255 NOCOMPRESS LOGGING
  STORAGE(INITIAL 65536 NEXT 1048576 MINEXTENTS 1 MAXEXTENTS 2147483645
  PCTINCREASE 0 FREELISTS 1 FREELIST GROUPS 1 BUFFER_POOL DEFAULT)
  TABLESPACE "USERS" ;
--------------------------------------------------------
--  DDL for Table TEST
--------------------------------------------------------

  CREATE TABLE "BASE_DDIT"."TEST" 
   (	"ID" NUMBER(38,0), 
	"NAME" VARCHAR2(100 BYTE), 
	"AGE" NUMBER(38,0)
   ) PCTFREE 10 PCTUSED 40 INITRANS 1 MAXTRANS 255 NOCOMPRESS LOGGING
  STORAGE(INITIAL 65536 NEXT 1048576 MINEXTENTS 1 MAXEXTENTS 2147483645
  PCTINCREASE 0 FREELISTS 1 FREELIST GROUPS 1 BUFFER_POOL DEFAULT)
  TABLESPACE "USERS" ;
--------------------------------------------------------
--  DDL for Table USERINFOMATION
--------------------------------------------------------

  CREATE TABLE "BASE_DDIT"."USERINFOMATION" 
   (	"USER_ID" NUMBER(10,0), 
	"USER_NAME" NVARCHAR2(100), 
	"USER_PASSWORD" NVARCHAR2(100), 
	"USER_REALLYNAME" NVARCHAR2(50), 
	"HEADPORTRAIT" NVARCHAR2(500), 
	"DEPARTMENT_ID" NUMBER(10,0), 
	"ISENABLE" NUMBER(1,0) DEFAULT (1), 
	"CREATE_TIME" DATE, 
	"UPDATE_TIME" DATE, 
	"REMARK" NVARCHAR2(500)
   ) PCTFREE 10 PCTUSED 40 INITRANS 1 MAXTRANS 255 NOCOMPRESS LOGGING
  STORAGE(INITIAL 65536 NEXT 1048576 MINEXTENTS 1 MAXEXTENTS 2147483645
  PCTINCREASE 0 FREELISTS 1 FREELIST GROUPS 1 BUFFER_POOL DEFAULT)
  TABLESPACE "USERS" ;
--------------------------------------------------------
--  DDL for Table USER_ROLE
--------------------------------------------------------

  CREATE TABLE "BASE_DDIT"."USER_ROLE" 
   (	"ID" NUMBER(10,0), 
	"USER_ID" NUMBER(10,0), 
	"ROLE_ID" NUMBER(10,0)
   ) PCTFREE 10 PCTUSED 40 INITRANS 1 MAXTRANS 255 NOCOMPRESS LOGGING
  STORAGE(INITIAL 65536 NEXT 1048576 MINEXTENTS 1 MAXEXTENTS 2147483645
  PCTINCREASE 0 FREELISTS 1 FREELIST GROUPS 1 BUFFER_POOL DEFAULT)
  TABLESPACE "USERS" ;
REM INSERTING into BASE_DDIT.BUTTON
SET DEFINE OFF;
Insert into BASE_DDIT.BUTTON (BUTTON_ID,BUTTON_OPID,BUTTON_NAME,BUTTON_OPERATION,BUTTON_MAGIC,BUTTON_DESCRIBE,CREATE_TIME,UPDATE_TIME) values (1,'Create','新增','CreateModal','glyphicon glyphicon-plus','用于创建信息',to_date('25-3月 -16','DD-MON-RR'),to_date('15-4月 -16','DD-MON-RR'));
Insert into BASE_DDIT.BUTTON (BUTTON_ID,BUTTON_OPID,BUTTON_NAME,BUTTON_OPERATION,BUTTON_MAGIC,BUTTON_DESCRIBE,CREATE_TIME,UPDATE_TIME) values (2,'Edit','编辑',null,'glyphicon glyphicon-pencil','用于编辑信息',to_date('25-3月 -16','DD-MON-RR'),null);
Insert into BASE_DDIT.BUTTON (BUTTON_ID,BUTTON_OPID,BUTTON_NAME,BUTTON_OPERATION,BUTTON_MAGIC,BUTTON_DESCRIBE,CREATE_TIME,UPDATE_TIME) values (3,'Delete','删除',null,'glyphicon glyphicon-remove','用于删除信息',to_date('25-3月 -16','DD-MON-RR'),null);
Insert into BASE_DDIT.BUTTON (BUTTON_ID,BUTTON_OPID,BUTTON_NAME,BUTTON_OPERATION,BUTTON_MAGIC,BUTTON_DESCRIBE,CREATE_TIME,UPDATE_TIME) values (4,'DownLoad','下载',null,'glyphicon glyphicon-download','用于下载信息',to_date('25-3月 -16','DD-MON-RR'),null);
Insert into BASE_DDIT.BUTTON (BUTTON_ID,BUTTON_OPID,BUTTON_NAME,BUTTON_OPERATION,BUTTON_MAGIC,BUTTON_DESCRIBE,CREATE_TIME,UPDATE_TIME) values (7,'export','导出','#wdaw','glyphicon glyphicon-export','导出相关Execl',to_date('25-3月 -16','DD-MON-RR'),to_date('28-3月 -16','DD-MON-RR'));
Insert into BASE_DDIT.BUTTON (BUTTON_ID,BUTTON_OPID,BUTTON_NAME,BUTTON_OPERATION,BUTTON_MAGIC,BUTTON_DESCRIBE,CREATE_TIME,UPDATE_TIME) values (9,'import','导入',null,'glyphicon glyphicon-import','导入相关数据',to_date('28-3月 -16','DD-MON-RR'),null);
Insert into BASE_DDIT.BUTTON (BUTTON_ID,BUTTON_OPID,BUTTON_NAME,BUTTON_OPERATION,BUTTON_MAGIC,BUTTON_DESCRIBE,CREATE_TIME,UPDATE_TIME) values (10,'distributionRole','分配角色',null,'glyphicon glyphicon-user',null,to_date('14-4月 -16','DD-MON-RR'),null);
Insert into BASE_DDIT.BUTTON (BUTTON_ID,BUTTON_OPID,BUTTON_NAME,BUTTON_OPERATION,BUTTON_MAGIC,BUTTON_DESCRIBE,CREATE_TIME,UPDATE_TIME) values (11,'Disabled','禁用',null,'glyphicon glyphicon-ban-circle','不删除修改状态',to_date('15-4月 -16','DD-MON-RR'),to_date('06-5月 -16','DD-MON-RR'));
Insert into BASE_DDIT.BUTTON (BUTTON_ID,BUTTON_OPID,BUTTON_NAME,BUTTON_OPERATION,BUTTON_MAGIC,BUTTON_DESCRIBE,CREATE_TIME,UPDATE_TIME) values (5,'UpLoad','上传',null,'glyphicon glyphicon-upload','用户上传文件',to_date('25-3月 -16','DD-MON-RR'),null);
REM INSERTING into BASE_DDIT.DICTIONARY
SET DEFINE OFF;
Insert into BASE_DDIT.DICTIONARY (ID,DICCATEGORYID,DICVALUE,ENABLED,CREATE_TIME,UPDATE_TIME) values (19,22,'啊',1,to_date('01-6月 -17','DD-MON-RR'),null);
Insert into BASE_DDIT.DICTIONARY (ID,DICCATEGORYID,DICVALUE,ENABLED,CREATE_TIME,UPDATE_TIME) values (1,1,'市场部',1,to_date('21-4月 -16','DD-MON-RR'),to_date('04-5月 -17','DD-MON-RR'));
Insert into BASE_DDIT.DICTIONARY (ID,DICCATEGORYID,DICVALUE,ENABLED,CREATE_TIME,UPDATE_TIME) values (2,1,'技术部',0,to_date('21-4月 -16','DD-MON-RR'),to_date('04-5月 -17','DD-MON-RR'));
Insert into BASE_DDIT.DICTIONARY (ID,DICCATEGORYID,DICVALUE,ENABLED,CREATE_TIME,UPDATE_TIME) values (3,1,'客服部',1,to_date('22-4月 -16','DD-MON-RR'),null);
Insert into BASE_DDIT.DICTIONARY (ID,DICCATEGORYID,DICVALUE,ENABLED,CREATE_TIME,UPDATE_TIME) values (4,1,'服务部',1,to_date('23-4月 -16','DD-MON-RR'),to_date('29-4月 -16','DD-MON-RR'));
Insert into BASE_DDIT.DICTIONARY (ID,DICCATEGORYID,DICVALUE,ENABLED,CREATE_TIME,UPDATE_TIME) values (12,16,'测试1',1,to_date('03-5月 -17','DD-MON-RR'),null);
Insert into BASE_DDIT.DICTIONARY (ID,DICCATEGORYID,DICVALUE,ENABLED,CREATE_TIME,UPDATE_TIME) values (13,16,'测试3',1,to_date('03-5月 -17','DD-MON-RR'),to_date('03-5月 -17','DD-MON-RR'));
Insert into BASE_DDIT.DICTIONARY (ID,DICCATEGORYID,DICVALUE,ENABLED,CREATE_TIME,UPDATE_TIME) values (14,16,'测试4',0,to_date('03-5月 -17','DD-MON-RR'),to_date('03-5月 -17','DD-MON-RR'));
Insert into BASE_DDIT.DICTIONARY (ID,DICCATEGORYID,DICVALUE,ENABLED,CREATE_TIME,UPDATE_TIME) values (15,16,'测试2',1,to_date('03-5月 -17','DD-MON-RR'),null);
Insert into BASE_DDIT.DICTIONARY (ID,DICCATEGORYID,DICVALUE,ENABLED,CREATE_TIME,UPDATE_TIME) values (16,16,'测试2',1,to_date('03-5月 -17','DD-MON-RR'),null);
Insert into BASE_DDIT.DICTIONARY (ID,DICCATEGORYID,DICVALUE,ENABLED,CREATE_TIME,UPDATE_TIME) values (17,16,'测试3',1,to_date('03-5月 -17','DD-MON-RR'),null);
Insert into BASE_DDIT.DICTIONARY (ID,DICCATEGORYID,DICVALUE,ENABLED,CREATE_TIME,UPDATE_TIME) values (18,16,'测试3',1,to_date('03-5月 -17','DD-MON-RR'),null);
REM INSERTING into BASE_DDIT.DICTIONARYCATEGORY
SET DEFINE OFF;
Insert into BASE_DDIT.DICTIONARYCATEGORY (ID,CATEGORY,ENABLED,CREATE_TIME,UPDATE_TIME) values (18,'我就要测试',1,to_date('01-6月 -17','DD-MON-RR'),null);
Insert into BASE_DDIT.DICTIONARYCATEGORY (ID,CATEGORY,ENABLED,CREATE_TIME,UPDATE_TIME) values (17,'继续测试',1,to_date('01-6月 -17','DD-MON-RR'),null);
Insert into BASE_DDIT.DICTIONARYCATEGORY (ID,CATEGORY,ENABLED,CREATE_TIME,UPDATE_TIME) values (19,'分类1',1,to_date('01-6月 -17','DD-MON-RR'),null);
Insert into BASE_DDIT.DICTIONARYCATEGORY (ID,CATEGORY,ENABLED,CREATE_TIME,UPDATE_TIME) values (21,'asd',1,to_date('01-6月 -17','DD-MON-RR'),null);
Insert into BASE_DDIT.DICTIONARYCATEGORY (ID,CATEGORY,ENABLED,CREATE_TIME,UPDATE_TIME) values (22,'这次肯定好用',1,to_date('01-6月 -17','DD-MON-RR'),null);
Insert into BASE_DDIT.DICTIONARYCATEGORY (ID,CATEGORY,ENABLED,CREATE_TIME,UPDATE_TIME) values (1,'部门',1,to_date('21-4月 -16','DD-MON-RR'),to_date('03-5月 -17','DD-MON-RR'));
Insert into BASE_DDIT.DICTIONARYCATEGORY (ID,CATEGORY,ENABLED,CREATE_TIME,UPDATE_TIME) values (16,'测试用的',1,to_date('03-5月 -17','DD-MON-RR'),null);
Insert into BASE_DDIT.DICTIONARYCATEGORY (ID,CATEGORY,ENABLED,CREATE_TIME,UPDATE_TIME) values (20,'fghf',1,to_date('01-6月 -17','DD-MON-RR'),null);
REM INSERTING into BASE_DDIT.LOGINLOG
SET DEFINE OFF;
Insert into BASE_DDIT.LOGINLOG (LOGIN_ID,LOGIN_NAME,LOGIN_NICKER,LOGIN_IP,LOGIN_TIME) values (426,'admin','超级管理员','::1',to_date('31-5月 -17','DD-MON-RR'));
Insert into BASE_DDIT.LOGINLOG (LOGIN_ID,LOGIN_NAME,LOGIN_NICKER,LOGIN_IP,LOGIN_TIME) values (427,'admin','超级管理员','192.168.40.35',to_date('31-5月 -17','DD-MON-RR'));
Insert into BASE_DDIT.LOGINLOG (LOGIN_ID,LOGIN_NAME,LOGIN_NICKER,LOGIN_IP,LOGIN_TIME) values (428,'admin','超级管理员','192.168.40.35',to_date('31-5月 -17','DD-MON-RR'));
Insert into BASE_DDIT.LOGINLOG (LOGIN_ID,LOGIN_NAME,LOGIN_NICKER,LOGIN_IP,LOGIN_TIME) values (432,'admin','超级管理员','::1',to_date('31-5月 -17','DD-MON-RR'));
Insert into BASE_DDIT.LOGINLOG (LOGIN_ID,LOGIN_NAME,LOGIN_NICKER,LOGIN_IP,LOGIN_TIME) values (446,'admin','超级管理员','::1',to_date('01-6月 -17','DD-MON-RR'));
Insert into BASE_DDIT.LOGINLOG (LOGIN_ID,LOGIN_NAME,LOGIN_NICKER,LOGIN_IP,LOGIN_TIME) values (430,'admin','超级管理员','::1',to_date('31-5月 -17','DD-MON-RR'));
Insert into BASE_DDIT.LOGINLOG (LOGIN_ID,LOGIN_NAME,LOGIN_NICKER,LOGIN_IP,LOGIN_TIME) values (431,'admin','超级管理员','::1',to_date('31-5月 -17','DD-MON-RR'));
Insert into BASE_DDIT.LOGINLOG (LOGIN_ID,LOGIN_NAME,LOGIN_NICKER,LOGIN_IP,LOGIN_TIME) values (122,'admin','王洪洋','192.168.40.23',to_date('13-4月 -16','DD-MON-RR'));
Insert into BASE_DDIT.LOGINLOG (LOGIN_ID,LOGIN_NAME,LOGIN_NICKER,LOGIN_IP,LOGIN_TIME) values (123,'admin','王洪洋','192.168.40.23',to_date('13-4月 -16','DD-MON-RR'));
Insert into BASE_DDIT.LOGINLOG (LOGIN_ID,LOGIN_NAME,LOGIN_NICKER,LOGIN_IP,LOGIN_TIME) values (3,'whywhy898','王洪洋','::1',to_date('02-3月 -16','DD-MON-RR'));
Insert into BASE_DDIT.LOGINLOG (LOGIN_ID,LOGIN_NAME,LOGIN_NICKER,LOGIN_IP,LOGIN_TIME) values (4,'whywhy898','王洪洋','::1',to_date('02-3月 -16','DD-MON-RR'));
Insert into BASE_DDIT.LOGINLOG (LOGIN_ID,LOGIN_NAME,LOGIN_NICKER,LOGIN_IP,LOGIN_TIME) values (5,'whywhy898','王洪洋','::1',to_date('02-3月 -16','DD-MON-RR'));
Insert into BASE_DDIT.LOGINLOG (LOGIN_ID,LOGIN_NAME,LOGIN_NICKER,LOGIN_IP,LOGIN_TIME) values (6,'whywhy898','王洪洋','::1',to_date('04-3月 -16','DD-MON-RR'));
Insert into BASE_DDIT.LOGINLOG (LOGIN_ID,LOGIN_NAME,LOGIN_NICKER,LOGIN_IP,LOGIN_TIME) values (7,'whywhy898','王洪洋','::1',to_date('04-3月 -16','DD-MON-RR'));
Insert into BASE_DDIT.LOGINLOG (LOGIN_ID,LOGIN_NAME,LOGIN_NICKER,LOGIN_IP,LOGIN_TIME) values (8,'whywhy898','王洪洋','::1',to_date('04-3月 -16','DD-MON-RR'));
Insert into BASE_DDIT.LOGINLOG (LOGIN_ID,LOGIN_NAME,LOGIN_NICKER,LOGIN_IP,LOGIN_TIME) values (11,'whywhy898','王洪洋','::1',to_date('04-3月 -16','DD-MON-RR'));
Insert into BASE_DDIT.LOGINLOG (LOGIN_ID,LOGIN_NAME,LOGIN_NICKER,LOGIN_IP,LOGIN_TIME) values (12,'whywhy898','王洪洋','::1',to_date('04-3月 -16','DD-MON-RR'));
Insert into BASE_DDIT.LOGINLOG (LOGIN_ID,LOGIN_NAME,LOGIN_NICKER,LOGIN_IP,LOGIN_TIME) values (13,'whywhy898','王洪洋','::1',to_date('04-3月 -16','DD-MON-RR'));
Insert into BASE_DDIT.LOGINLOG (LOGIN_ID,LOGIN_NAME,LOGIN_NICKER,LOGIN_IP,LOGIN_TIME) values (16,'whywhy898','王洪洋','::1',to_date('04-3月 -16','DD-MON-RR'));
Insert into BASE_DDIT.LOGINLOG (LOGIN_ID,LOGIN_NAME,LOGIN_NICKER,LOGIN_IP,LOGIN_TIME) values (17,'whywhy898','王洪洋','::1',to_date('04-3月 -16','DD-MON-RR'));
Insert into BASE_DDIT.LOGINLOG (LOGIN_ID,LOGIN_NAME,LOGIN_NICKER,LOGIN_IP,LOGIN_TIME) values (18,'whywhy898','王洪洋','::1',to_date('04-3月 -16','DD-MON-RR'));
Insert into BASE_DDIT.LOGINLOG (LOGIN_ID,LOGIN_NAME,LOGIN_NICKER,LOGIN_IP,LOGIN_TIME) values (19,'whywhy898','王洪洋','::1',to_date('04-3月 -16','DD-MON-RR'));
Insert into BASE_DDIT.LOGINLOG (LOGIN_ID,LOGIN_NAME,LOGIN_NICKER,LOGIN_IP,LOGIN_TIME) values (20,'whywhy898','王洪洋','::1',to_date('04-3月 -16','DD-MON-RR'));
Insert into BASE_DDIT.LOGINLOG (LOGIN_ID,LOGIN_NAME,LOGIN_NICKER,LOGIN_IP,LOGIN_TIME) values (21,'whywhy898','王洪洋','::1',to_date('07-3月 -16','DD-MON-RR'));
Insert into BASE_DDIT.LOGINLOG (LOGIN_ID,LOGIN_NAME,LOGIN_NICKER,LOGIN_IP,LOGIN_TIME) values (22,'whywhy898','王洪洋','::1',to_date('07-3月 -16','DD-MON-RR'));
Insert into BASE_DDIT.LOGINLOG (LOGIN_ID,LOGIN_NAME,LOGIN_NICKER,LOGIN_IP,LOGIN_TIME) values (23,'whywhy898','王洪洋','::1',to_date('07-3月 -16','DD-MON-RR'));
Insert into BASE_DDIT.LOGINLOG (LOGIN_ID,LOGIN_NAME,LOGIN_NICKER,LOGIN_IP,LOGIN_TIME) values (24,'whywhy898','王洪洋','::1',to_date('07-3月 -16','DD-MON-RR'));
Insert into BASE_DDIT.LOGINLOG (LOGIN_ID,LOGIN_NAME,LOGIN_NICKER,LOGIN_IP,LOGIN_TIME) values (25,'whywhy898','王洪洋','::1',to_date('07-3月 -16','DD-MON-RR'));
Insert into BASE_DDIT.LOGINLOG (LOGIN_ID,LOGIN_NAME,LOGIN_NICKER,LOGIN_IP,LOGIN_TIME) values (26,'whywhy898','王洪洋','::1',to_date('07-3月 -16','DD-MON-RR'));
Insert into BASE_DDIT.LOGINLOG (LOGIN_ID,LOGIN_NAME,LOGIN_NICKER,LOGIN_IP,LOGIN_TIME) values (29,'whywhy898','王洪洋','::1',to_date('07-3月 -16','DD-MON-RR'));
Insert into BASE_DDIT.LOGINLOG (LOGIN_ID,LOGIN_NAME,LOGIN_NICKER,LOGIN_IP,LOGIN_TIME) values (30,'whywhy898','王洪洋','::1',to_date('07-3月 -16','DD-MON-RR'));
Insert into BASE_DDIT.LOGINLOG (LOGIN_ID,LOGIN_NAME,LOGIN_NICKER,LOGIN_IP,LOGIN_TIME) values (31,'admin','王洪洋','::1',to_date('10-3月 -16','DD-MON-RR'));
Insert into BASE_DDIT.LOGINLOG (LOGIN_ID,LOGIN_NAME,LOGIN_NICKER,LOGIN_IP,LOGIN_TIME) values (32,'admin','王洪洋','::1',to_date('10-3月 -16','DD-MON-RR'));
Insert into BASE_DDIT.LOGINLOG (LOGIN_ID,LOGIN_NAME,LOGIN_NICKER,LOGIN_IP,LOGIN_TIME) values (33,'admin','王洪洋','::1',to_date('10-3月 -16','DD-MON-RR'));
Insert into BASE_DDIT.LOGINLOG (LOGIN_ID,LOGIN_NAME,LOGIN_NICKER,LOGIN_IP,LOGIN_TIME) values (34,'admin','王洪洋','::1',to_date('10-3月 -16','DD-MON-RR'));
Insert into BASE_DDIT.LOGINLOG (LOGIN_ID,LOGIN_NAME,LOGIN_NICKER,LOGIN_IP,LOGIN_TIME) values (35,'admin','王洪洋','::1',to_date('10-3月 -16','DD-MON-RR'));
Insert into BASE_DDIT.LOGINLOG (LOGIN_ID,LOGIN_NAME,LOGIN_NICKER,LOGIN_IP,LOGIN_TIME) values (36,'admin','王洪洋','::1',to_date('10-3月 -16','DD-MON-RR'));
Insert into BASE_DDIT.LOGINLOG (LOGIN_ID,LOGIN_NAME,LOGIN_NICKER,LOGIN_IP,LOGIN_TIME) values (37,'admin','王洪洋','::1',to_date('11-3月 -16','DD-MON-RR'));
Insert into BASE_DDIT.LOGINLOG (LOGIN_ID,LOGIN_NAME,LOGIN_NICKER,LOGIN_IP,LOGIN_TIME) values (38,'admin','王洪洋','::1',to_date('11-3月 -16','DD-MON-RR'));
Insert into BASE_DDIT.LOGINLOG (LOGIN_ID,LOGIN_NAME,LOGIN_NICKER,LOGIN_IP,LOGIN_TIME) values (39,'admin','王洪洋','::1',to_date('11-3月 -16','DD-MON-RR'));
Insert into BASE_DDIT.LOGINLOG (LOGIN_ID,LOGIN_NAME,LOGIN_NICKER,LOGIN_IP,LOGIN_TIME) values (40,'admin','王洪洋','::1',to_date('11-3月 -16','DD-MON-RR'));
Insert into BASE_DDIT.LOGINLOG (LOGIN_ID,LOGIN_NAME,LOGIN_NICKER,LOGIN_IP,LOGIN_TIME) values (41,'admin','王洪洋','::1',to_date('11-3月 -16','DD-MON-RR'));
Insert into BASE_DDIT.LOGINLOG (LOGIN_ID,LOGIN_NAME,LOGIN_NICKER,LOGIN_IP,LOGIN_TIME) values (42,'admin','王洪洋','::1',to_date('11-3月 -16','DD-MON-RR'));
Insert into BASE_DDIT.LOGINLOG (LOGIN_ID,LOGIN_NAME,LOGIN_NICKER,LOGIN_IP,LOGIN_TIME) values (43,'admin','王洪洋','::1',to_date('11-3月 -16','DD-MON-RR'));
Insert into BASE_DDIT.LOGINLOG (LOGIN_ID,LOGIN_NAME,LOGIN_NICKER,LOGIN_IP,LOGIN_TIME) values (44,'admin','王洪洋','::1',to_date('11-3月 -16','DD-MON-RR'));
Insert into BASE_DDIT.LOGINLOG (LOGIN_ID,LOGIN_NAME,LOGIN_NICKER,LOGIN_IP,LOGIN_TIME) values (45,'admin','王洪洋','::1',to_date('11-3月 -16','DD-MON-RR'));
Insert into BASE_DDIT.LOGINLOG (LOGIN_ID,LOGIN_NAME,LOGIN_NICKER,LOGIN_IP,LOGIN_TIME) values (46,'admin','王洪洋','::1',to_date('11-3月 -16','DD-MON-RR'));
Insert into BASE_DDIT.LOGINLOG (LOGIN_ID,LOGIN_NAME,LOGIN_NICKER,LOGIN_IP,LOGIN_TIME) values (47,'admin','王洪洋','::1',to_date('11-3月 -16','DD-MON-RR'));
Insert into BASE_DDIT.LOGINLOG (LOGIN_ID,LOGIN_NAME,LOGIN_NICKER,LOGIN_IP,LOGIN_TIME) values (48,'admin','王洪洋','::1',to_date('11-3月 -16','DD-MON-RR'));
Insert into BASE_DDIT.LOGINLOG (LOGIN_ID,LOGIN_NAME,LOGIN_NICKER,LOGIN_IP,LOGIN_TIME) values (49,'admin','王洪洋','::1',to_date('14-3月 -16','DD-MON-RR'));
Insert into BASE_DDIT.LOGINLOG (LOGIN_ID,LOGIN_NAME,LOGIN_NICKER,LOGIN_IP,LOGIN_TIME) values (50,'admin','王洪洋','::1',to_date('14-3月 -16','DD-MON-RR'));
Insert into BASE_DDIT.LOGINLOG (LOGIN_ID,LOGIN_NAME,LOGIN_NICKER,LOGIN_IP,LOGIN_TIME) values (51,'admin','王洪洋','::1',to_date('14-3月 -16','DD-MON-RR'));
Insert into BASE_DDIT.LOGINLOG (LOGIN_ID,LOGIN_NAME,LOGIN_NICKER,LOGIN_IP,LOGIN_TIME) values (52,'admin','王洪洋','::1',to_date('14-3月 -16','DD-MON-RR'));
Insert into BASE_DDIT.LOGINLOG (LOGIN_ID,LOGIN_NAME,LOGIN_NICKER,LOGIN_IP,LOGIN_TIME) values (54,'admin','王洪洋','::1',to_date('14-3月 -16','DD-MON-RR'));
Insert into BASE_DDIT.LOGINLOG (LOGIN_ID,LOGIN_NAME,LOGIN_NICKER,LOGIN_IP,LOGIN_TIME) values (56,'admin','王洪洋','::1',to_date('14-3月 -16','DD-MON-RR'));
Insert into BASE_DDIT.LOGINLOG (LOGIN_ID,LOGIN_NAME,LOGIN_NICKER,LOGIN_IP,LOGIN_TIME) values (58,'admin','王洪洋','::1',to_date('14-3月 -16','DD-MON-RR'));
Insert into BASE_DDIT.LOGINLOG (LOGIN_ID,LOGIN_NAME,LOGIN_NICKER,LOGIN_IP,LOGIN_TIME) values (59,'admin','王洪洋','::1',to_date('14-3月 -16','DD-MON-RR'));
Insert into BASE_DDIT.LOGINLOG (LOGIN_ID,LOGIN_NAME,LOGIN_NICKER,LOGIN_IP,LOGIN_TIME) values (60,'admin','王洪洋','::1',to_date('14-3月 -16','DD-MON-RR'));
Insert into BASE_DDIT.LOGINLOG (LOGIN_ID,LOGIN_NAME,LOGIN_NICKER,LOGIN_IP,LOGIN_TIME) values (64,'admin','王洪洋','::1',to_date('14-3月 -16','DD-MON-RR'));
Insert into BASE_DDIT.LOGINLOG (LOGIN_ID,LOGIN_NAME,LOGIN_NICKER,LOGIN_IP,LOGIN_TIME) values (65,'admin','王洪洋','::1',to_date('14-3月 -16','DD-MON-RR'));
Insert into BASE_DDIT.LOGINLOG (LOGIN_ID,LOGIN_NAME,LOGIN_NICKER,LOGIN_IP,LOGIN_TIME) values (66,'admin','王洪洋','::1',to_date('14-3月 -16','DD-MON-RR'));
Insert into BASE_DDIT.LOGINLOG (LOGIN_ID,LOGIN_NAME,LOGIN_NICKER,LOGIN_IP,LOGIN_TIME) values (67,'admin','王洪洋','::1',to_date('15-3月 -16','DD-MON-RR'));
Insert into BASE_DDIT.LOGINLOG (LOGIN_ID,LOGIN_NAME,LOGIN_NICKER,LOGIN_IP,LOGIN_TIME) values (68,'admin','王洪洋','::1',to_date('15-3月 -16','DD-MON-RR'));
Insert into BASE_DDIT.LOGINLOG (LOGIN_ID,LOGIN_NAME,LOGIN_NICKER,LOGIN_IP,LOGIN_TIME) values (69,'admin','王洪洋','::1',to_date('15-3月 -16','DD-MON-RR'));
Insert into BASE_DDIT.LOGINLOG (LOGIN_ID,LOGIN_NAME,LOGIN_NICKER,LOGIN_IP,LOGIN_TIME) values (90,'admin','王洪洋','::1',to_date('15-3月 -16','DD-MON-RR'));
Insert into BASE_DDIT.LOGINLOG (LOGIN_ID,LOGIN_NAME,LOGIN_NICKER,LOGIN_IP,LOGIN_TIME) values (91,'admin','王洪洋','::1',to_date('16-3月 -16','DD-MON-RR'));
Insert into BASE_DDIT.LOGINLOG (LOGIN_ID,LOGIN_NAME,LOGIN_NICKER,LOGIN_IP,LOGIN_TIME) values (92,'admin','王洪洋','::1',to_date('21-3月 -16','DD-MON-RR'));
Insert into BASE_DDIT.LOGINLOG (LOGIN_ID,LOGIN_NAME,LOGIN_NICKER,LOGIN_IP,LOGIN_TIME) values (93,'admin','王洪洋','192.168.40.23',to_date('21-3月 -16','DD-MON-RR'));
Insert into BASE_DDIT.LOGINLOG (LOGIN_ID,LOGIN_NAME,LOGIN_NICKER,LOGIN_IP,LOGIN_TIME) values (94,'admin','王洪洋','::1',to_date('22-3月 -16','DD-MON-RR'));
Insert into BASE_DDIT.LOGINLOG (LOGIN_ID,LOGIN_NAME,LOGIN_NICKER,LOGIN_IP,LOGIN_TIME) values (95,'admin','王洪洋','::1',to_date('25-3月 -16','DD-MON-RR'));
Insert into BASE_DDIT.LOGINLOG (LOGIN_ID,LOGIN_NAME,LOGIN_NICKER,LOGIN_IP,LOGIN_TIME) values (96,'admin','王洪洋','192.168.40.23',to_date('25-3月 -16','DD-MON-RR'));
Insert into BASE_DDIT.LOGINLOG (LOGIN_ID,LOGIN_NAME,LOGIN_NICKER,LOGIN_IP,LOGIN_TIME) values (97,'admin','王洪洋','::1',to_date('28-3月 -16','DD-MON-RR'));
Insert into BASE_DDIT.LOGINLOG (LOGIN_ID,LOGIN_NAME,LOGIN_NICKER,LOGIN_IP,LOGIN_TIME) values (98,'admin','王洪洋','::1',to_date('29-3月 -16','DD-MON-RR'));
Insert into BASE_DDIT.LOGINLOG (LOGIN_ID,LOGIN_NAME,LOGIN_NICKER,LOGIN_IP,LOGIN_TIME) values (99,'admin','王洪洋','::1',to_date('30-3月 -16','DD-MON-RR'));
Insert into BASE_DDIT.LOGINLOG (LOGIN_ID,LOGIN_NAME,LOGIN_NICKER,LOGIN_IP,LOGIN_TIME) values (100,'admin','王洪洋','192.168.40.23',to_date('30-3月 -16','DD-MON-RR'));
Insert into BASE_DDIT.LOGINLOG (LOGIN_ID,LOGIN_NAME,LOGIN_NICKER,LOGIN_IP,LOGIN_TIME) values (101,'admin','王洪洋','192.168.40.23',to_date('30-3月 -16','DD-MON-RR'));
Insert into BASE_DDIT.LOGINLOG (LOGIN_ID,LOGIN_NAME,LOGIN_NICKER,LOGIN_IP,LOGIN_TIME) values (103,'admin','王洪洋','192.168.40.23',to_date('31-3月 -16','DD-MON-RR'));
Insert into BASE_DDIT.LOGINLOG (LOGIN_ID,LOGIN_NAME,LOGIN_NICKER,LOGIN_IP,LOGIN_TIME) values (104,'admin','王洪洋','::1',to_date('05-4月 -16','DD-MON-RR'));
Insert into BASE_DDIT.LOGINLOG (LOGIN_ID,LOGIN_NAME,LOGIN_NICKER,LOGIN_IP,LOGIN_TIME) values (105,'admin','王洪洋','127.0.0.1',to_date('05-4月 -16','DD-MON-RR'));
Insert into BASE_DDIT.LOGINLOG (LOGIN_ID,LOGIN_NAME,LOGIN_NICKER,LOGIN_IP,LOGIN_TIME) values (106,'admin','王洪洋','127.0.0.1',to_date('05-4月 -16','DD-MON-RR'));
Insert into BASE_DDIT.LOGINLOG (LOGIN_ID,LOGIN_NAME,LOGIN_NICKER,LOGIN_IP,LOGIN_TIME) values (107,'admin','王洪洋','127.0.0.1',to_date('05-4月 -16','DD-MON-RR'));
Insert into BASE_DDIT.LOGINLOG (LOGIN_ID,LOGIN_NAME,LOGIN_NICKER,LOGIN_IP,LOGIN_TIME) values (108,'admin','王洪洋','127.0.0.1',to_date('05-4月 -16','DD-MON-RR'));
Insert into BASE_DDIT.LOGINLOG (LOGIN_ID,LOGIN_NAME,LOGIN_NICKER,LOGIN_IP,LOGIN_TIME) values (110,'admin','王洪洋','192.168.40.5',to_date('05-4月 -16','DD-MON-RR'));
Insert into BASE_DDIT.LOGINLOG (LOGIN_ID,LOGIN_NAME,LOGIN_NICKER,LOGIN_IP,LOGIN_TIME) values (111,'admin','王洪洋','::1',to_date('07-4月 -16','DD-MON-RR'));
Insert into BASE_DDIT.LOGINLOG (LOGIN_ID,LOGIN_NAME,LOGIN_NICKER,LOGIN_IP,LOGIN_TIME) values (114,'admin','王洪洋','::1',to_date('08-4月 -16','DD-MON-RR'));
Insert into BASE_DDIT.LOGINLOG (LOGIN_ID,LOGIN_NAME,LOGIN_NICKER,LOGIN_IP,LOGIN_TIME) values (115,'admin','王洪洋','::1',to_date('11-4月 -16','DD-MON-RR'));
Insert into BASE_DDIT.LOGINLOG (LOGIN_ID,LOGIN_NAME,LOGIN_NICKER,LOGIN_IP,LOGIN_TIME) values (116,'admin','王洪洋','::1',to_date('11-4月 -16','DD-MON-RR'));
Insert into BASE_DDIT.LOGINLOG (LOGIN_ID,LOGIN_NAME,LOGIN_NICKER,LOGIN_IP,LOGIN_TIME) values (117,'admin','王洪洋','::1',to_date('11-4月 -16','DD-MON-RR'));
Insert into BASE_DDIT.LOGINLOG (LOGIN_ID,LOGIN_NAME,LOGIN_NICKER,LOGIN_IP,LOGIN_TIME) values (118,'admin','王洪洋','::1',to_date('11-4月 -16','DD-MON-RR'));
Insert into BASE_DDIT.LOGINLOG (LOGIN_ID,LOGIN_NAME,LOGIN_NICKER,LOGIN_IP,LOGIN_TIME) values (119,'admin','王洪洋','::1',to_date('11-4月 -16','DD-MON-RR'));
Insert into BASE_DDIT.LOGINLOG (LOGIN_ID,LOGIN_NAME,LOGIN_NICKER,LOGIN_IP,LOGIN_TIME) values (120,'admin','王洪洋','::1',to_date('11-4月 -16','DD-MON-RR'));
Insert into BASE_DDIT.LOGINLOG (LOGIN_ID,LOGIN_NAME,LOGIN_NICKER,LOGIN_IP,LOGIN_TIME) values (121,'admin','王洪洋','::1',to_date('12-4月 -16','DD-MON-RR'));
Insert into BASE_DDIT.LOGINLOG (LOGIN_ID,LOGIN_NAME,LOGIN_NICKER,LOGIN_IP,LOGIN_TIME) values (125,'admin','王洪洋','192.168.40.23',to_date('14-4月 -16','DD-MON-RR'));
Insert into BASE_DDIT.LOGINLOG (LOGIN_ID,LOGIN_NAME,LOGIN_NICKER,LOGIN_IP,LOGIN_TIME) values (126,'admin','王洪洋','192.168.40.33',to_date('14-4月 -16','DD-MON-RR'));
Insert into BASE_DDIT.LOGINLOG (LOGIN_ID,LOGIN_NAME,LOGIN_NICKER,LOGIN_IP,LOGIN_TIME) values (127,'admin','王洪洋','::1',to_date('15-4月 -16','DD-MON-RR'));
Insert into BASE_DDIT.LOGINLOG (LOGIN_ID,LOGIN_NAME,LOGIN_NICKER,LOGIN_IP,LOGIN_TIME) values (128,'admin','王洪洋','::1',to_date('18-4月 -16','DD-MON-RR'));
Insert into BASE_DDIT.LOGINLOG (LOGIN_ID,LOGIN_NAME,LOGIN_NICKER,LOGIN_IP,LOGIN_TIME) values (130,'admin','王洪洋','::1',to_date('19-4月 -16','DD-MON-RR'));
Insert into BASE_DDIT.LOGINLOG (LOGIN_ID,LOGIN_NAME,LOGIN_NICKER,LOGIN_IP,LOGIN_TIME) values (131,'admin','王洪洋','192.168.40.23',to_date('20-4月 -16','DD-MON-RR'));
Insert into BASE_DDIT.LOGINLOG (LOGIN_ID,LOGIN_NAME,LOGIN_NICKER,LOGIN_IP,LOGIN_TIME) values (132,'admin','王洪洋','192.168.40.23',to_date('20-4月 -16','DD-MON-RR'));
Insert into BASE_DDIT.LOGINLOG (LOGIN_ID,LOGIN_NAME,LOGIN_NICKER,LOGIN_IP,LOGIN_TIME) values (133,'admin','王洪洋','::1',to_date('21-4月 -16','DD-MON-RR'));
Insert into BASE_DDIT.LOGINLOG (LOGIN_ID,LOGIN_NAME,LOGIN_NICKER,LOGIN_IP,LOGIN_TIME) values (134,'admin','王洪洋','::1',to_date('21-4月 -16','DD-MON-RR'));
Insert into BASE_DDIT.LOGINLOG (LOGIN_ID,LOGIN_NAME,LOGIN_NICKER,LOGIN_IP,LOGIN_TIME) values (136,'admin','王洪洋','127.0.0.1',to_date('22-4月 -16','DD-MON-RR'));
Insert into BASE_DDIT.LOGINLOG (LOGIN_ID,LOGIN_NAME,LOGIN_NICKER,LOGIN_IP,LOGIN_TIME) values (137,'admin','王洪洋','127.0.0.1',to_date('22-4月 -16','DD-MON-RR'));
Insert into BASE_DDIT.LOGINLOG (LOGIN_ID,LOGIN_NAME,LOGIN_NICKER,LOGIN_IP,LOGIN_TIME) values (138,'admin','王洪洋','::1',to_date('22-4月 -16','DD-MON-RR'));
Insert into BASE_DDIT.LOGINLOG (LOGIN_ID,LOGIN_NAME,LOGIN_NICKER,LOGIN_IP,LOGIN_TIME) values (139,'admin','王洪洋','::1',to_date('22-4月 -16','DD-MON-RR'));
Insert into BASE_DDIT.LOGINLOG (LOGIN_ID,LOGIN_NAME,LOGIN_NICKER,LOGIN_IP,LOGIN_TIME) values (140,'admin','王洪洋','::1',to_date('23-4月 -16','DD-MON-RR'));
Insert into BASE_DDIT.LOGINLOG (LOGIN_ID,LOGIN_NAME,LOGIN_NICKER,LOGIN_IP,LOGIN_TIME) values (141,'admin','王洪洋','::1',to_date('23-4月 -16','DD-MON-RR'));
Insert into BASE_DDIT.LOGINLOG (LOGIN_ID,LOGIN_NAME,LOGIN_NICKER,LOGIN_IP,LOGIN_TIME) values (142,'nana','娜娜','::1',to_date('23-4月 -16','DD-MON-RR'));
Insert into BASE_DDIT.LOGINLOG (LOGIN_ID,LOGIN_NAME,LOGIN_NICKER,LOGIN_IP,LOGIN_TIME) values (143,'admin','王洪洋','::1',to_date('23-4月 -16','DD-MON-RR'));
Insert into BASE_DDIT.LOGINLOG (LOGIN_ID,LOGIN_NAME,LOGIN_NICKER,LOGIN_IP,LOGIN_TIME) values (144,'nana','娜娜','::1',to_date('23-4月 -16','DD-MON-RR'));
Insert into BASE_DDIT.LOGINLOG (LOGIN_ID,LOGIN_NAME,LOGIN_NICKER,LOGIN_IP,LOGIN_TIME) values (145,'nana','娜娜','::1',to_date('23-4月 -16','DD-MON-RR'));
Insert into BASE_DDIT.LOGINLOG (LOGIN_ID,LOGIN_NAME,LOGIN_NICKER,LOGIN_IP,LOGIN_TIME) values (146,'nana','娜娜','::1',to_date('23-4月 -16','DD-MON-RR'));
Insert into BASE_DDIT.LOGINLOG (LOGIN_ID,LOGIN_NAME,LOGIN_NICKER,LOGIN_IP,LOGIN_TIME) values (147,'nana','娜神','::1',to_date('23-4月 -16','DD-MON-RR'));
Insert into BASE_DDIT.LOGINLOG (LOGIN_ID,LOGIN_NAME,LOGIN_NICKER,LOGIN_IP,LOGIN_TIME) values (148,'nana','娜神','192.168.40.53',to_date('23-4月 -16','DD-MON-RR'));
Insert into BASE_DDIT.LOGINLOG (LOGIN_ID,LOGIN_NAME,LOGIN_NICKER,LOGIN_IP,LOGIN_TIME) values (149,'nana','娜四一定','::1',to_date('23-4月 -16','DD-MON-RR'));
Insert into BASE_DDIT.LOGINLOG (LOGIN_ID,LOGIN_NAME,LOGIN_NICKER,LOGIN_IP,LOGIN_TIME) values (155,'admin','超级管理员','::1',to_date('25-4月 -16','DD-MON-RR'));
Insert into BASE_DDIT.LOGINLOG (LOGIN_ID,LOGIN_NAME,LOGIN_NICKER,LOGIN_IP,LOGIN_TIME) values (9,'whywhy898','王洪洋','::1',to_date('04-3月 -16','DD-MON-RR'));
Insert into BASE_DDIT.LOGINLOG (LOGIN_ID,LOGIN_NAME,LOGIN_NICKER,LOGIN_IP,LOGIN_TIME) values (10,'whywhy898','王洪洋','::1',to_date('04-3月 -16','DD-MON-RR'));
Insert into BASE_DDIT.LOGINLOG (LOGIN_ID,LOGIN_NAME,LOGIN_NICKER,LOGIN_IP,LOGIN_TIME) values (14,'whywhy898','王洪洋','::1',to_date('04-3月 -16','DD-MON-RR'));
Insert into BASE_DDIT.LOGINLOG (LOGIN_ID,LOGIN_NAME,LOGIN_NICKER,LOGIN_IP,LOGIN_TIME) values (15,'whywhy898','王洪洋','::1',to_date('04-3月 -16','DD-MON-RR'));
Insert into BASE_DDIT.LOGINLOG (LOGIN_ID,LOGIN_NAME,LOGIN_NICKER,LOGIN_IP,LOGIN_TIME) values (109,'admin','王洪洋','192.168.40.53',to_date('05-4月 -16','DD-MON-RR'));
Insert into BASE_DDIT.LOGINLOG (LOGIN_ID,LOGIN_NAME,LOGIN_NICKER,LOGIN_IP,LOGIN_TIME) values (124,'admin','王洪洋','192.168.40.23',to_date('13-4月 -16','DD-MON-RR'));
Insert into BASE_DDIT.LOGINLOG (LOGIN_ID,LOGIN_NAME,LOGIN_NICKER,LOGIN_IP,LOGIN_TIME) values (135,'admin','王洪洋','192.168.40.23',to_date('21-4月 -16','DD-MON-RR'));
Insert into BASE_DDIT.LOGINLOG (LOGIN_ID,LOGIN_NAME,LOGIN_NICKER,LOGIN_IP,LOGIN_TIME) values (27,'whywhy898','王洪洋','::1',to_date('07-3月 -16','DD-MON-RR'));
Insert into BASE_DDIT.LOGINLOG (LOGIN_ID,LOGIN_NAME,LOGIN_NICKER,LOGIN_IP,LOGIN_TIME) values (28,'whywhy898','王洪洋','::1',to_date('07-3月 -16','DD-MON-RR'));
Insert into BASE_DDIT.LOGINLOG (LOGIN_ID,LOGIN_NAME,LOGIN_NICKER,LOGIN_IP,LOGIN_TIME) values (112,'admin','王洪洋','192.168.40.5',to_date('07-4月 -16','DD-MON-RR'));
Insert into BASE_DDIT.LOGINLOG (LOGIN_ID,LOGIN_NAME,LOGIN_NICKER,LOGIN_IP,LOGIN_TIME) values (113,'admin','王洪洋','192.168.40.2',to_date('07-4月 -16','DD-MON-RR'));
Insert into BASE_DDIT.LOGINLOG (LOGIN_ID,LOGIN_NAME,LOGIN_NICKER,LOGIN_IP,LOGIN_TIME) values (129,'admin','王洪洋','192.168.40.23',to_date('18-4月 -16','DD-MON-RR'));
Insert into BASE_DDIT.LOGINLOG (LOGIN_ID,LOGIN_NAME,LOGIN_NICKER,LOGIN_IP,LOGIN_TIME) values (150,'nana','娜四一定','::1',to_date('23-4月 -16','DD-MON-RR'));
Insert into BASE_DDIT.LOGINLOG (LOGIN_ID,LOGIN_NAME,LOGIN_NICKER,LOGIN_IP,LOGIN_TIME) values (151,'nana','娜就是神','::1',to_date('23-4月 -16','DD-MON-RR'));
Insert into BASE_DDIT.LOGINLOG (LOGIN_ID,LOGIN_NAME,LOGIN_NICKER,LOGIN_IP,LOGIN_TIME) values (152,'jimi','吉米','::1',to_date('23-4月 -16','DD-MON-RR'));
Insert into BASE_DDIT.LOGINLOG (LOGIN_ID,LOGIN_NAME,LOGIN_NICKER,LOGIN_IP,LOGIN_TIME) values (153,'admin','王洪洋','::1',to_date('23-4月 -16','DD-MON-RR'));
Insert into BASE_DDIT.LOGINLOG (LOGIN_ID,LOGIN_NAME,LOGIN_NICKER,LOGIN_IP,LOGIN_TIME) values (154,'admin','超级管理员','::1',to_date('23-4月 -16','DD-MON-RR'));
Insert into BASE_DDIT.LOGINLOG (LOGIN_ID,LOGIN_NAME,LOGIN_NICKER,LOGIN_IP,LOGIN_TIME) values (53,'admin','王洪洋','::1',to_date('14-3月 -16','DD-MON-RR'));
Insert into BASE_DDIT.LOGINLOG (LOGIN_ID,LOGIN_NAME,LOGIN_NICKER,LOGIN_IP,LOGIN_TIME) values (55,'admin','王洪洋','::1',to_date('14-3月 -16','DD-MON-RR'));
Insert into BASE_DDIT.LOGINLOG (LOGIN_ID,LOGIN_NAME,LOGIN_NICKER,LOGIN_IP,LOGIN_TIME) values (57,'admin','王洪洋','::1',to_date('14-3月 -16','DD-MON-RR'));
Insert into BASE_DDIT.LOGINLOG (LOGIN_ID,LOGIN_NAME,LOGIN_NICKER,LOGIN_IP,LOGIN_TIME) values (61,'admin','王洪洋','::1',to_date('14-3月 -16','DD-MON-RR'));
Insert into BASE_DDIT.LOGINLOG (LOGIN_ID,LOGIN_NAME,LOGIN_NICKER,LOGIN_IP,LOGIN_TIME) values (62,'admin','王洪洋','::1',to_date('14-3月 -16','DD-MON-RR'));
Insert into BASE_DDIT.LOGINLOG (LOGIN_ID,LOGIN_NAME,LOGIN_NICKER,LOGIN_IP,LOGIN_TIME) values (63,'admin','王洪洋','::1',to_date('14-3月 -16','DD-MON-RR'));
Insert into BASE_DDIT.LOGINLOG (LOGIN_ID,LOGIN_NAME,LOGIN_NICKER,LOGIN_IP,LOGIN_TIME) values (70,'admin','王洪洋','::1',to_date('15-3月 -16','DD-MON-RR'));
Insert into BASE_DDIT.LOGINLOG (LOGIN_ID,LOGIN_NAME,LOGIN_NICKER,LOGIN_IP,LOGIN_TIME) values (71,'admin','王洪洋','::1',to_date('15-3月 -16','DD-MON-RR'));
Insert into BASE_DDIT.LOGINLOG (LOGIN_ID,LOGIN_NAME,LOGIN_NICKER,LOGIN_IP,LOGIN_TIME) values (72,'admin','王洪洋','::1',to_date('15-3月 -16','DD-MON-RR'));
Insert into BASE_DDIT.LOGINLOG (LOGIN_ID,LOGIN_NAME,LOGIN_NICKER,LOGIN_IP,LOGIN_TIME) values (73,'admin','王洪洋','::1',to_date('15-3月 -16','DD-MON-RR'));
Insert into BASE_DDIT.LOGINLOG (LOGIN_ID,LOGIN_NAME,LOGIN_NICKER,LOGIN_IP,LOGIN_TIME) values (74,'admin','王洪洋','::1',to_date('15-3月 -16','DD-MON-RR'));
Insert into BASE_DDIT.LOGINLOG (LOGIN_ID,LOGIN_NAME,LOGIN_NICKER,LOGIN_IP,LOGIN_TIME) values (75,'admin','王洪洋','::1',to_date('15-3月 -16','DD-MON-RR'));
Insert into BASE_DDIT.LOGINLOG (LOGIN_ID,LOGIN_NAME,LOGIN_NICKER,LOGIN_IP,LOGIN_TIME) values (76,'admin','王洪洋','::1',to_date('15-3月 -16','DD-MON-RR'));
Insert into BASE_DDIT.LOGINLOG (LOGIN_ID,LOGIN_NAME,LOGIN_NICKER,LOGIN_IP,LOGIN_TIME) values (77,'admin','王洪洋','::1',to_date('15-3月 -16','DD-MON-RR'));
Insert into BASE_DDIT.LOGINLOG (LOGIN_ID,LOGIN_NAME,LOGIN_NICKER,LOGIN_IP,LOGIN_TIME) values (78,'admin','王洪洋','::1',to_date('15-3月 -16','DD-MON-RR'));
Insert into BASE_DDIT.LOGINLOG (LOGIN_ID,LOGIN_NAME,LOGIN_NICKER,LOGIN_IP,LOGIN_TIME) values (79,'admin','王洪洋','::1',to_date('15-3月 -16','DD-MON-RR'));
Insert into BASE_DDIT.LOGINLOG (LOGIN_ID,LOGIN_NAME,LOGIN_NICKER,LOGIN_IP,LOGIN_TIME) values (80,'admin','王洪洋','::1',to_date('15-3月 -16','DD-MON-RR'));
Insert into BASE_DDIT.LOGINLOG (LOGIN_ID,LOGIN_NAME,LOGIN_NICKER,LOGIN_IP,LOGIN_TIME) values (81,'admin','王洪洋','::1',to_date('15-3月 -16','DD-MON-RR'));
Insert into BASE_DDIT.LOGINLOG (LOGIN_ID,LOGIN_NAME,LOGIN_NICKER,LOGIN_IP,LOGIN_TIME) values (82,'admin','王洪洋','::1',to_date('15-3月 -16','DD-MON-RR'));
Insert into BASE_DDIT.LOGINLOG (LOGIN_ID,LOGIN_NAME,LOGIN_NICKER,LOGIN_IP,LOGIN_TIME) values (83,'admin','王洪洋','::1',to_date('15-3月 -16','DD-MON-RR'));
Insert into BASE_DDIT.LOGINLOG (LOGIN_ID,LOGIN_NAME,LOGIN_NICKER,LOGIN_IP,LOGIN_TIME) values (84,'admin','王洪洋','::1',to_date('15-3月 -16','DD-MON-RR'));
Insert into BASE_DDIT.LOGINLOG (LOGIN_ID,LOGIN_NAME,LOGIN_NICKER,LOGIN_IP,LOGIN_TIME) values (85,'admin','王洪洋','::1',to_date('15-3月 -16','DD-MON-RR'));
Insert into BASE_DDIT.LOGINLOG (LOGIN_ID,LOGIN_NAME,LOGIN_NICKER,LOGIN_IP,LOGIN_TIME) values (86,'admin','王洪洋','::1',to_date('15-3月 -16','DD-MON-RR'));
Insert into BASE_DDIT.LOGINLOG (LOGIN_ID,LOGIN_NAME,LOGIN_NICKER,LOGIN_IP,LOGIN_TIME) values (87,'admin','王洪洋','::1',to_date('15-3月 -16','DD-MON-RR'));
Insert into BASE_DDIT.LOGINLOG (LOGIN_ID,LOGIN_NAME,LOGIN_NICKER,LOGIN_IP,LOGIN_TIME) values (88,'admin','王洪洋','::1',to_date('15-3月 -16','DD-MON-RR'));
Insert into BASE_DDIT.LOGINLOG (LOGIN_ID,LOGIN_NAME,LOGIN_NICKER,LOGIN_IP,LOGIN_TIME) values (89,'admin','王洪洋','::1',to_date('15-3月 -16','DD-MON-RR'));
Insert into BASE_DDIT.LOGINLOG (LOGIN_ID,LOGIN_NAME,LOGIN_NICKER,LOGIN_IP,LOGIN_TIME) values (102,'admin','王洪洋','192.168.40.23',to_date('30-3月 -16','DD-MON-RR'));
Insert into BASE_DDIT.LOGINLOG (LOGIN_ID,LOGIN_NAME,LOGIN_NICKER,LOGIN_IP,LOGIN_TIME) values (156,'admin','超级管理员','::1',to_date('25-4月 -16','DD-MON-RR'));
Insert into BASE_DDIT.LOGINLOG (LOGIN_ID,LOGIN_NAME,LOGIN_NICKER,LOGIN_IP,LOGIN_TIME) values (157,'admin','超级管理员','::1',to_date('28-4月 -16','DD-MON-RR'));
Insert into BASE_DDIT.LOGINLOG (LOGIN_ID,LOGIN_NAME,LOGIN_NICKER,LOGIN_IP,LOGIN_TIME) values (158,'admin','超级管理员','192.168.40.5',to_date('28-4月 -16','DD-MON-RR'));
Insert into BASE_DDIT.LOGINLOG (LOGIN_ID,LOGIN_NAME,LOGIN_NICKER,LOGIN_IP,LOGIN_TIME) values (159,'admin','超级管理员','192.168.40.5',to_date('29-4月 -16','DD-MON-RR'));
Insert into BASE_DDIT.LOGINLOG (LOGIN_ID,LOGIN_NAME,LOGIN_NICKER,LOGIN_IP,LOGIN_TIME) values (160,'admin','超级管理员','192.168.40.5',to_date('29-4月 -16','DD-MON-RR'));
Insert into BASE_DDIT.LOGINLOG (LOGIN_ID,LOGIN_NAME,LOGIN_NICKER,LOGIN_IP,LOGIN_TIME) values (161,'admin','超级管理员','192.168.40.23',to_date('29-4月 -16','DD-MON-RR'));
Insert into BASE_DDIT.LOGINLOG (LOGIN_ID,LOGIN_NAME,LOGIN_NICKER,LOGIN_IP,LOGIN_TIME) values (162,'admin','超级管理员','192.168.40.23',to_date('29-4月 -16','DD-MON-RR'));
Insert into BASE_DDIT.LOGINLOG (LOGIN_ID,LOGIN_NAME,LOGIN_NICKER,LOGIN_IP,LOGIN_TIME) values (163,'admin','超级管理员','::1',to_date('05-5月 -16','DD-MON-RR'));
Insert into BASE_DDIT.LOGINLOG (LOGIN_ID,LOGIN_NAME,LOGIN_NICKER,LOGIN_IP,LOGIN_TIME) values (164,'admin','超级管理员','::1',to_date('06-5月 -16','DD-MON-RR'));
Insert into BASE_DDIT.LOGINLOG (LOGIN_ID,LOGIN_NAME,LOGIN_NICKER,LOGIN_IP,LOGIN_TIME) values (165,'admin','超级管理员','::1',to_date('06-5月 -16','DD-MON-RR'));
Insert into BASE_DDIT.LOGINLOG (LOGIN_ID,LOGIN_NAME,LOGIN_NICKER,LOGIN_IP,LOGIN_TIME) values (166,'admin','超级管理员','::1',to_date('06-5月 -16','DD-MON-RR'));
Insert into BASE_DDIT.LOGINLOG (LOGIN_ID,LOGIN_NAME,LOGIN_NICKER,LOGIN_IP,LOGIN_TIME) values (170,'admin','超级管理员','::1',to_date('06-5月 -16','DD-MON-RR'));
Insert into BASE_DDIT.LOGINLOG (LOGIN_ID,LOGIN_NAME,LOGIN_NICKER,LOGIN_IP,LOGIN_TIME) values (171,'admin','超级管理员','::1',to_date('06-5月 -16','DD-MON-RR'));
Insert into BASE_DDIT.LOGINLOG (LOGIN_ID,LOGIN_NAME,LOGIN_NICKER,LOGIN_IP,LOGIN_TIME) values (172,'admin','超级管理员','::1',to_date('06-5月 -16','DD-MON-RR'));
Insert into BASE_DDIT.LOGINLOG (LOGIN_ID,LOGIN_NAME,LOGIN_NICKER,LOGIN_IP,LOGIN_TIME) values (173,'admin','超级管理员','::1',to_date('06-5月 -16','DD-MON-RR'));
Insert into BASE_DDIT.LOGINLOG (LOGIN_ID,LOGIN_NAME,LOGIN_NICKER,LOGIN_IP,LOGIN_TIME) values (174,'admin','超级管理员','::1',to_date('06-5月 -16','DD-MON-RR'));
Insert into BASE_DDIT.LOGINLOG (LOGIN_ID,LOGIN_NAME,LOGIN_NICKER,LOGIN_IP,LOGIN_TIME) values (178,'admin','超级管理员','::1',to_date('29-6月 -16','DD-MON-RR'));
Insert into BASE_DDIT.LOGINLOG (LOGIN_ID,LOGIN_NAME,LOGIN_NICKER,LOGIN_IP,LOGIN_TIME) values (179,'admin','超级管理员','::1',to_date('04-7月 -16','DD-MON-RR'));
Insert into BASE_DDIT.LOGINLOG (LOGIN_ID,LOGIN_NAME,LOGIN_NICKER,LOGIN_IP,LOGIN_TIME) values (180,'admin','超级管理员','::1',to_date('04-7月 -16','DD-MON-RR'));
Insert into BASE_DDIT.LOGINLOG (LOGIN_ID,LOGIN_NAME,LOGIN_NICKER,LOGIN_IP,LOGIN_TIME) values (181,'admin','超级管理员','::1',to_date('05-7月 -16','DD-MON-RR'));
Insert into BASE_DDIT.LOGINLOG (LOGIN_ID,LOGIN_NAME,LOGIN_NICKER,LOGIN_IP,LOGIN_TIME) values (182,'admin','超级管理员','::1',to_date('06-7月 -16','DD-MON-RR'));
Insert into BASE_DDIT.LOGINLOG (LOGIN_ID,LOGIN_NAME,LOGIN_NICKER,LOGIN_IP,LOGIN_TIME) values (183,'admin','超级管理员','::1',to_date('06-7月 -16','DD-MON-RR'));
Insert into BASE_DDIT.LOGINLOG (LOGIN_ID,LOGIN_NAME,LOGIN_NICKER,LOGIN_IP,LOGIN_TIME) values (184,'admin','超级管理员','::1',to_date('06-7月 -16','DD-MON-RR'));
Insert into BASE_DDIT.LOGINLOG (LOGIN_ID,LOGIN_NAME,LOGIN_NICKER,LOGIN_IP,LOGIN_TIME) values (185,'admin','超级管理员','::1',to_date('06-7月 -16','DD-MON-RR'));
Insert into BASE_DDIT.LOGINLOG (LOGIN_ID,LOGIN_NAME,LOGIN_NICKER,LOGIN_IP,LOGIN_TIME) values (186,'admin','超级管理员','::1',to_date('06-7月 -16','DD-MON-RR'));
Insert into BASE_DDIT.LOGINLOG (LOGIN_ID,LOGIN_NAME,LOGIN_NICKER,LOGIN_IP,LOGIN_TIME) values (187,'admin','超级管理员','::1',to_date('06-7月 -16','DD-MON-RR'));
Insert into BASE_DDIT.LOGINLOG (LOGIN_ID,LOGIN_NAME,LOGIN_NICKER,LOGIN_IP,LOGIN_TIME) values (188,'admin','超级管理员','::1',to_date('06-7月 -16','DD-MON-RR'));
Insert into BASE_DDIT.LOGINLOG (LOGIN_ID,LOGIN_NAME,LOGIN_NICKER,LOGIN_IP,LOGIN_TIME) values (189,'admin','超级管理员','::1',to_date('06-7月 -16','DD-MON-RR'));
Insert into BASE_DDIT.LOGINLOG (LOGIN_ID,LOGIN_NAME,LOGIN_NICKER,LOGIN_IP,LOGIN_TIME) values (190,'admin','超级管理员','::1',to_date('07-7月 -16','DD-MON-RR'));
Insert into BASE_DDIT.LOGINLOG (LOGIN_ID,LOGIN_NAME,LOGIN_NICKER,LOGIN_IP,LOGIN_TIME) values (191,'admin','超级管理员','::1',to_date('07-7月 -16','DD-MON-RR'));
Insert into BASE_DDIT.LOGINLOG (LOGIN_ID,LOGIN_NAME,LOGIN_NICKER,LOGIN_IP,LOGIN_TIME) values (192,'admin','超级管理员','::1',to_date('15-7月 -16','DD-MON-RR'));
Insert into BASE_DDIT.LOGINLOG (LOGIN_ID,LOGIN_NAME,LOGIN_NICKER,LOGIN_IP,LOGIN_TIME) values (193,'admin','超级管理员','::1',to_date('15-7月 -16','DD-MON-RR'));
Insert into BASE_DDIT.LOGINLOG (LOGIN_ID,LOGIN_NAME,LOGIN_NICKER,LOGIN_IP,LOGIN_TIME) values (194,'admin','超级管理员','::1',to_date('15-7月 -16','DD-MON-RR'));
Insert into BASE_DDIT.LOGINLOG (LOGIN_ID,LOGIN_NAME,LOGIN_NICKER,LOGIN_IP,LOGIN_TIME) values (195,'admin','超级管理员','::1',to_date('15-7月 -16','DD-MON-RR'));
Insert into BASE_DDIT.LOGINLOG (LOGIN_ID,LOGIN_NAME,LOGIN_NICKER,LOGIN_IP,LOGIN_TIME) values (198,'admin','超级管理员','::1',to_date('18-7月 -16','DD-MON-RR'));
Insert into BASE_DDIT.LOGINLOG (LOGIN_ID,LOGIN_NAME,LOGIN_NICKER,LOGIN_IP,LOGIN_TIME) values (199,'admin','超级管理员','::1',to_date('18-7月 -16','DD-MON-RR'));
Insert into BASE_DDIT.LOGINLOG (LOGIN_ID,LOGIN_NAME,LOGIN_NICKER,LOGIN_IP,LOGIN_TIME) values (200,'admin','超级管理员','::1',to_date('18-7月 -16','DD-MON-RR'));
Insert into BASE_DDIT.LOGINLOG (LOGIN_ID,LOGIN_NAME,LOGIN_NICKER,LOGIN_IP,LOGIN_TIME) values (201,'admin','超级管理员','::1',to_date('18-7月 -16','DD-MON-RR'));
Insert into BASE_DDIT.LOGINLOG (LOGIN_ID,LOGIN_NAME,LOGIN_NICKER,LOGIN_IP,LOGIN_TIME) values (202,'admin','超级管理员','::1',to_date('18-7月 -16','DD-MON-RR'));
Insert into BASE_DDIT.LOGINLOG (LOGIN_ID,LOGIN_NAME,LOGIN_NICKER,LOGIN_IP,LOGIN_TIME) values (203,'admin','超级管理员','::1',to_date('18-7月 -16','DD-MON-RR'));
Insert into BASE_DDIT.LOGINLOG (LOGIN_ID,LOGIN_NAME,LOGIN_NICKER,LOGIN_IP,LOGIN_TIME) values (206,'admin','超级管理员','::1',to_date('18-7月 -16','DD-MON-RR'));
Insert into BASE_DDIT.LOGINLOG (LOGIN_ID,LOGIN_NAME,LOGIN_NICKER,LOGIN_IP,LOGIN_TIME) values (207,'admin','超级管理员','::1',to_date('18-7月 -16','DD-MON-RR'));
Insert into BASE_DDIT.LOGINLOG (LOGIN_ID,LOGIN_NAME,LOGIN_NICKER,LOGIN_IP,LOGIN_TIME) values (208,'admin','超级管理员','::1',to_date('18-7月 -16','DD-MON-RR'));
Insert into BASE_DDIT.LOGINLOG (LOGIN_ID,LOGIN_NAME,LOGIN_NICKER,LOGIN_IP,LOGIN_TIME) values (209,'admin','超级管理员','::1',to_date('18-7月 -16','DD-MON-RR'));
Insert into BASE_DDIT.LOGINLOG (LOGIN_ID,LOGIN_NAME,LOGIN_NICKER,LOGIN_IP,LOGIN_TIME) values (211,'admin','超级管理员','::1',to_date('19-7月 -16','DD-MON-RR'));
Insert into BASE_DDIT.LOGINLOG (LOGIN_ID,LOGIN_NAME,LOGIN_NICKER,LOGIN_IP,LOGIN_TIME) values (212,'admin','超级管理员','::1',to_date('19-7月 -16','DD-MON-RR'));
Insert into BASE_DDIT.LOGINLOG (LOGIN_ID,LOGIN_NAME,LOGIN_NICKER,LOGIN_IP,LOGIN_TIME) values (213,'admin','超级管理员','::1',to_date('19-7月 -16','DD-MON-RR'));
Insert into BASE_DDIT.LOGINLOG (LOGIN_ID,LOGIN_NAME,LOGIN_NICKER,LOGIN_IP,LOGIN_TIME) values (216,'admin','超级管理员','::1',to_date('20-7月 -16','DD-MON-RR'));
Insert into BASE_DDIT.LOGINLOG (LOGIN_ID,LOGIN_NAME,LOGIN_NICKER,LOGIN_IP,LOGIN_TIME) values (217,'admin','超级管理员','::1',to_date('21-7月 -16','DD-MON-RR'));
Insert into BASE_DDIT.LOGINLOG (LOGIN_ID,LOGIN_NAME,LOGIN_NICKER,LOGIN_IP,LOGIN_TIME) values (218,'admin','超级管理员','::1',to_date('22-7月 -16','DD-MON-RR'));
Insert into BASE_DDIT.LOGINLOG (LOGIN_ID,LOGIN_NAME,LOGIN_NICKER,LOGIN_IP,LOGIN_TIME) values (220,'admin','超级管理员','::1',to_date('22-7月 -16','DD-MON-RR'));
Insert into BASE_DDIT.LOGINLOG (LOGIN_ID,LOGIN_NAME,LOGIN_NICKER,LOGIN_IP,LOGIN_TIME) values (221,'admin','超级管理员','::1',to_date('25-7月 -16','DD-MON-RR'));
Insert into BASE_DDIT.LOGINLOG (LOGIN_ID,LOGIN_NAME,LOGIN_NICKER,LOGIN_IP,LOGIN_TIME) values (222,'admin','超级管理员','::1',to_date('26-7月 -16','DD-MON-RR'));
Insert into BASE_DDIT.LOGINLOG (LOGIN_ID,LOGIN_NAME,LOGIN_NICKER,LOGIN_IP,LOGIN_TIME) values (223,'admin','超级管理员','::1',to_date('27-7月 -16','DD-MON-RR'));
Insert into BASE_DDIT.LOGINLOG (LOGIN_ID,LOGIN_NAME,LOGIN_NICKER,LOGIN_IP,LOGIN_TIME) values (225,'admin','超级管理员','::1',to_date('27-7月 -16','DD-MON-RR'));
Insert into BASE_DDIT.LOGINLOG (LOGIN_ID,LOGIN_NAME,LOGIN_NICKER,LOGIN_IP,LOGIN_TIME) values (226,'admin','超级管理员','::1',to_date('27-7月 -16','DD-MON-RR'));
Insert into BASE_DDIT.LOGINLOG (LOGIN_ID,LOGIN_NAME,LOGIN_NICKER,LOGIN_IP,LOGIN_TIME) values (227,'admin','超级管理员','::1',to_date('01-8月 -16','DD-MON-RR'));
Insert into BASE_DDIT.LOGINLOG (LOGIN_ID,LOGIN_NAME,LOGIN_NICKER,LOGIN_IP,LOGIN_TIME) values (228,'admin','超级管理员','::1',to_date('01-8月 -16','DD-MON-RR'));
Insert into BASE_DDIT.LOGINLOG (LOGIN_ID,LOGIN_NAME,LOGIN_NICKER,LOGIN_IP,LOGIN_TIME) values (229,'admin','超级管理员','::1',to_date('02-8月 -16','DD-MON-RR'));
Insert into BASE_DDIT.LOGINLOG (LOGIN_ID,LOGIN_NAME,LOGIN_NICKER,LOGIN_IP,LOGIN_TIME) values (230,'admin','超级管理员','::1',to_date('02-8月 -16','DD-MON-RR'));
Insert into BASE_DDIT.LOGINLOG (LOGIN_ID,LOGIN_NAME,LOGIN_NICKER,LOGIN_IP,LOGIN_TIME) values (231,'admin','超级管理员','::1',to_date('04-8月 -16','DD-MON-RR'));
Insert into BASE_DDIT.LOGINLOG (LOGIN_ID,LOGIN_NAME,LOGIN_NICKER,LOGIN_IP,LOGIN_TIME) values (232,'admin','超级管理员','::1',to_date('04-8月 -16','DD-MON-RR'));
Insert into BASE_DDIT.LOGINLOG (LOGIN_ID,LOGIN_NAME,LOGIN_NICKER,LOGIN_IP,LOGIN_TIME) values (234,'admin','超级管理员','::1',to_date('04-8月 -16','DD-MON-RR'));
Insert into BASE_DDIT.LOGINLOG (LOGIN_ID,LOGIN_NAME,LOGIN_NICKER,LOGIN_IP,LOGIN_TIME) values (235,'admin','超级管理员','::1',to_date('04-8月 -16','DD-MON-RR'));
Insert into BASE_DDIT.LOGINLOG (LOGIN_ID,LOGIN_NAME,LOGIN_NICKER,LOGIN_IP,LOGIN_TIME) values (236,'admin','超级管理员','::1',to_date('08-8月 -16','DD-MON-RR'));
Insert into BASE_DDIT.LOGINLOG (LOGIN_ID,LOGIN_NAME,LOGIN_NICKER,LOGIN_IP,LOGIN_TIME) values (237,'admin','超级管理员','::1',to_date('09-8月 -16','DD-MON-RR'));
Insert into BASE_DDIT.LOGINLOG (LOGIN_ID,LOGIN_NAME,LOGIN_NICKER,LOGIN_IP,LOGIN_TIME) values (238,'admin','超级管理员','::1',to_date('10-8月 -16','DD-MON-RR'));
Insert into BASE_DDIT.LOGINLOG (LOGIN_ID,LOGIN_NAME,LOGIN_NICKER,LOGIN_IP,LOGIN_TIME) values (239,'admin','超级管理员','::1',to_date('16-8月 -16','DD-MON-RR'));
Insert into BASE_DDIT.LOGINLOG (LOGIN_ID,LOGIN_NAME,LOGIN_NICKER,LOGIN_IP,LOGIN_TIME) values (241,'admin','超级管理员','::1',to_date('17-8月 -16','DD-MON-RR'));
Insert into BASE_DDIT.LOGINLOG (LOGIN_ID,LOGIN_NAME,LOGIN_NICKER,LOGIN_IP,LOGIN_TIME) values (242,'admin','超级管理员','::1',to_date('17-8月 -16','DD-MON-RR'));
Insert into BASE_DDIT.LOGINLOG (LOGIN_ID,LOGIN_NAME,LOGIN_NICKER,LOGIN_IP,LOGIN_TIME) values (245,'admin','超级管理员','::1',to_date('18-8月 -16','DD-MON-RR'));
Insert into BASE_DDIT.LOGINLOG (LOGIN_ID,LOGIN_NAME,LOGIN_NICKER,LOGIN_IP,LOGIN_TIME) values (246,'admin','超级管理员','::1',to_date('18-8月 -16','DD-MON-RR'));
Insert into BASE_DDIT.LOGINLOG (LOGIN_ID,LOGIN_NAME,LOGIN_NICKER,LOGIN_IP,LOGIN_TIME) values (247,'admin','超级管理员','::1',to_date('14-11月-16','DD-MON-RR'));
Insert into BASE_DDIT.LOGINLOG (LOGIN_ID,LOGIN_NAME,LOGIN_NICKER,LOGIN_IP,LOGIN_TIME) values (248,'admin','超级管理员','::1',to_date('15-11月-16','DD-MON-RR'));
Insert into BASE_DDIT.LOGINLOG (LOGIN_ID,LOGIN_NAME,LOGIN_NICKER,LOGIN_IP,LOGIN_TIME) values (249,'admin','超级管理员','::1',to_date('15-11月-16','DD-MON-RR'));
Insert into BASE_DDIT.LOGINLOG (LOGIN_ID,LOGIN_NAME,LOGIN_NICKER,LOGIN_IP,LOGIN_TIME) values (251,'admin','超级管理员','::1',to_date('17-11月-16','DD-MON-RR'));
Insert into BASE_DDIT.LOGINLOG (LOGIN_ID,LOGIN_NAME,LOGIN_NICKER,LOGIN_IP,LOGIN_TIME) values (252,'admin','超级管理员','::1',to_date('07-2月 -17','DD-MON-RR'));
Insert into BASE_DDIT.LOGINLOG (LOGIN_ID,LOGIN_NAME,LOGIN_NICKER,LOGIN_IP,LOGIN_TIME) values (253,'admin','超级管理员','::1',to_date('07-2月 -17','DD-MON-RR'));
Insert into BASE_DDIT.LOGINLOG (LOGIN_ID,LOGIN_NAME,LOGIN_NICKER,LOGIN_IP,LOGIN_TIME) values (254,'admin','超级管理员','::1',to_date('08-2月 -17','DD-MON-RR'));
Insert into BASE_DDIT.LOGINLOG (LOGIN_ID,LOGIN_NAME,LOGIN_NICKER,LOGIN_IP,LOGIN_TIME) values (255,'admin','超级管理员','::1',to_date('08-2月 -17','DD-MON-RR'));
Insert into BASE_DDIT.LOGINLOG (LOGIN_ID,LOGIN_NAME,LOGIN_NICKER,LOGIN_IP,LOGIN_TIME) values (261,'admin','超级管理员','::1',to_date('07-4月 -17','DD-MON-RR'));
Insert into BASE_DDIT.LOGINLOG (LOGIN_ID,LOGIN_NAME,LOGIN_NICKER,LOGIN_IP,LOGIN_TIME) values (262,'admin','超级管理员','::1',to_date('07-4月 -17','DD-MON-RR'));
Insert into BASE_DDIT.LOGINLOG (LOGIN_ID,LOGIN_NAME,LOGIN_NICKER,LOGIN_IP,LOGIN_TIME) values (263,'admin','超级管理员','::1',to_date('07-4月 -17','DD-MON-RR'));
Insert into BASE_DDIT.LOGINLOG (LOGIN_ID,LOGIN_NAME,LOGIN_NICKER,LOGIN_IP,LOGIN_TIME) values (264,'admin','超级管理员','::1',to_date('07-4月 -17','DD-MON-RR'));
Insert into BASE_DDIT.LOGINLOG (LOGIN_ID,LOGIN_NAME,LOGIN_NICKER,LOGIN_IP,LOGIN_TIME) values (265,'why778','小杰','::1',to_date('07-4月 -17','DD-MON-RR'));
Insert into BASE_DDIT.LOGINLOG (LOGIN_ID,LOGIN_NAME,LOGIN_NICKER,LOGIN_IP,LOGIN_TIME) values (266,'admin','超级管理员','::1',to_date('07-4月 -17','DD-MON-RR'));
Insert into BASE_DDIT.LOGINLOG (LOGIN_ID,LOGIN_NAME,LOGIN_NICKER,LOGIN_IP,LOGIN_TIME) values (267,'admin','超级管理员','::1',to_date('21-4月 -17','DD-MON-RR'));
Insert into BASE_DDIT.LOGINLOG (LOGIN_ID,LOGIN_NAME,LOGIN_NICKER,LOGIN_IP,LOGIN_TIME) values (268,'admin','超级管理员','::1',to_date('21-4月 -17','DD-MON-RR'));
Insert into BASE_DDIT.LOGINLOG (LOGIN_ID,LOGIN_NAME,LOGIN_NICKER,LOGIN_IP,LOGIN_TIME) values (270,'admin','超级管理员','::1',to_date('21-4月 -17','DD-MON-RR'));
Insert into BASE_DDIT.LOGINLOG (LOGIN_ID,LOGIN_NAME,LOGIN_NICKER,LOGIN_IP,LOGIN_TIME) values (271,'admin','超级管理员','::1',to_date('21-4月 -17','DD-MON-RR'));
Insert into BASE_DDIT.LOGINLOG (LOGIN_ID,LOGIN_NAME,LOGIN_NICKER,LOGIN_IP,LOGIN_TIME) values (272,'admin','超级管理员','192.168.40.19',to_date('21-4月 -17','DD-MON-RR'));
Insert into BASE_DDIT.LOGINLOG (LOGIN_ID,LOGIN_NAME,LOGIN_NICKER,LOGIN_IP,LOGIN_TIME) values (273,'admin','超级管理员','::1',to_date('21-4月 -17','DD-MON-RR'));
Insert into BASE_DDIT.LOGINLOG (LOGIN_ID,LOGIN_NAME,LOGIN_NICKER,LOGIN_IP,LOGIN_TIME) values (274,'admin','超级管理员','192.168.40.35',to_date('21-4月 -17','DD-MON-RR'));
Insert into BASE_DDIT.LOGINLOG (LOGIN_ID,LOGIN_NAME,LOGIN_NICKER,LOGIN_IP,LOGIN_TIME) values (275,'admin','超级管理员','::1',to_date('21-4月 -17','DD-MON-RR'));
Insert into BASE_DDIT.LOGINLOG (LOGIN_ID,LOGIN_NAME,LOGIN_NICKER,LOGIN_IP,LOGIN_TIME) values (277,'admin','超级管理员','::1',to_date('24-4月 -17','DD-MON-RR'));
Insert into BASE_DDIT.LOGINLOG (LOGIN_ID,LOGIN_NAME,LOGIN_NICKER,LOGIN_IP,LOGIN_TIME) values (278,'admin','超级管理员','::1',to_date('24-4月 -17','DD-MON-RR'));
Insert into BASE_DDIT.LOGINLOG (LOGIN_ID,LOGIN_NAME,LOGIN_NICKER,LOGIN_IP,LOGIN_TIME) values (280,'admin','超级管理员','::1',to_date('25-4月 -17','DD-MON-RR'));
Insert into BASE_DDIT.LOGINLOG (LOGIN_ID,LOGIN_NAME,LOGIN_NICKER,LOGIN_IP,LOGIN_TIME) values (281,'admin','超级管理员','::1',to_date('25-4月 -17','DD-MON-RR'));
Insert into BASE_DDIT.LOGINLOG (LOGIN_ID,LOGIN_NAME,LOGIN_NICKER,LOGIN_IP,LOGIN_TIME) values (283,'admin','超级管理员','::1',to_date('25-4月 -17','DD-MON-RR'));
Insert into BASE_DDIT.LOGINLOG (LOGIN_ID,LOGIN_NAME,LOGIN_NICKER,LOGIN_IP,LOGIN_TIME) values (284,'admin','超级管理员','::1',to_date('25-4月 -17','DD-MON-RR'));
Insert into BASE_DDIT.LOGINLOG (LOGIN_ID,LOGIN_NAME,LOGIN_NICKER,LOGIN_IP,LOGIN_TIME) values (289,'admin','超级管理员','127.0.0.1',to_date('25-4月 -17','DD-MON-RR'));
Insert into BASE_DDIT.LOGINLOG (LOGIN_ID,LOGIN_NAME,LOGIN_NICKER,LOGIN_IP,LOGIN_TIME) values (292,'admin','超级管理员','127.0.0.1',to_date('25-4月 -17','DD-MON-RR'));
Insert into BASE_DDIT.LOGINLOG (LOGIN_ID,LOGIN_NAME,LOGIN_NICKER,LOGIN_IP,LOGIN_TIME) values (293,'admin','超级管理员','::1',to_date('26-4月 -17','DD-MON-RR'));
Insert into BASE_DDIT.LOGINLOG (LOGIN_ID,LOGIN_NAME,LOGIN_NICKER,LOGIN_IP,LOGIN_TIME) values (299,'admin','超级管理员','::1',to_date('27-4月 -17','DD-MON-RR'));
Insert into BASE_DDIT.LOGINLOG (LOGIN_ID,LOGIN_NAME,LOGIN_NICKER,LOGIN_IP,LOGIN_TIME) values (301,'admin','超级管理员','::1',to_date('27-4月 -17','DD-MON-RR'));
Insert into BASE_DDIT.LOGINLOG (LOGIN_ID,LOGIN_NAME,LOGIN_NICKER,LOGIN_IP,LOGIN_TIME) values (304,'admin','超级管理员','::1',to_date('27-4月 -17','DD-MON-RR'));
Insert into BASE_DDIT.LOGINLOG (LOGIN_ID,LOGIN_NAME,LOGIN_NICKER,LOGIN_IP,LOGIN_TIME) values (308,'admin','超级管理员','::1',to_date('28-4月 -17','DD-MON-RR'));
Insert into BASE_DDIT.LOGINLOG (LOGIN_ID,LOGIN_NAME,LOGIN_NICKER,LOGIN_IP,LOGIN_TIME) values (309,'layer5','关羽','::1',to_date('28-4月 -17','DD-MON-RR'));
Insert into BASE_DDIT.LOGINLOG (LOGIN_ID,LOGIN_NAME,LOGIN_NICKER,LOGIN_IP,LOGIN_TIME) values (310,'admin','超级管理员','::1',to_date('28-4月 -17','DD-MON-RR'));
Insert into BASE_DDIT.LOGINLOG (LOGIN_ID,LOGIN_NAME,LOGIN_NICKER,LOGIN_IP,LOGIN_TIME) values (311,'layer5','关羽','::1',to_date('28-4月 -17','DD-MON-RR'));
Insert into BASE_DDIT.LOGINLOG (LOGIN_ID,LOGIN_NAME,LOGIN_NICKER,LOGIN_IP,LOGIN_TIME) values (312,'admin','超级管理员','::1',to_date('28-4月 -17','DD-MON-RR'));
Insert into BASE_DDIT.LOGINLOG (LOGIN_ID,LOGIN_NAME,LOGIN_NICKER,LOGIN_IP,LOGIN_TIME) values (314,'admin','超级管理员','::1',to_date('02-5月 -17','DD-MON-RR'));
Insert into BASE_DDIT.LOGINLOG (LOGIN_ID,LOGIN_NAME,LOGIN_NICKER,LOGIN_IP,LOGIN_TIME) values (317,'admin','超级管理员','::1',to_date('02-5月 -17','DD-MON-RR'));
Insert into BASE_DDIT.LOGINLOG (LOGIN_ID,LOGIN_NAME,LOGIN_NICKER,LOGIN_IP,LOGIN_TIME) values (318,'admin','超级管理员','::1',to_date('02-5月 -17','DD-MON-RR'));
Insert into BASE_DDIT.LOGINLOG (LOGIN_ID,LOGIN_NAME,LOGIN_NICKER,LOGIN_IP,LOGIN_TIME) values (321,'admin','超级管理员','::1',to_date('03-5月 -17','DD-MON-RR'));
Insert into BASE_DDIT.LOGINLOG (LOGIN_ID,LOGIN_NAME,LOGIN_NICKER,LOGIN_IP,LOGIN_TIME) values (322,'admin','超级管理员','::1',to_date('03-5月 -17','DD-MON-RR'));
Insert into BASE_DDIT.LOGINLOG (LOGIN_ID,LOGIN_NAME,LOGIN_NICKER,LOGIN_IP,LOGIN_TIME) values (325,'admin','超级管理员','::1',to_date('03-5月 -17','DD-MON-RR'));
Insert into BASE_DDIT.LOGINLOG (LOGIN_ID,LOGIN_NAME,LOGIN_NICKER,LOGIN_IP,LOGIN_TIME) values (326,'admin','超级管理员','::1',to_date('03-5月 -17','DD-MON-RR'));
Insert into BASE_DDIT.LOGINLOG (LOGIN_ID,LOGIN_NAME,LOGIN_NICKER,LOGIN_IP,LOGIN_TIME) values (327,'admin','超级管理员','::1',to_date('03-5月 -17','DD-MON-RR'));
Insert into BASE_DDIT.LOGINLOG (LOGIN_ID,LOGIN_NAME,LOGIN_NICKER,LOGIN_IP,LOGIN_TIME) values (328,'admin','超级管理员','::1',to_date('03-5月 -17','DD-MON-RR'));
Insert into BASE_DDIT.LOGINLOG (LOGIN_ID,LOGIN_NAME,LOGIN_NICKER,LOGIN_IP,LOGIN_TIME) values (330,'admin','超级管理员','::1',to_date('04-5月 -17','DD-MON-RR'));
Insert into BASE_DDIT.LOGINLOG (LOGIN_ID,LOGIN_NAME,LOGIN_NICKER,LOGIN_IP,LOGIN_TIME) values (332,'admin','超级管理员','::1',to_date('04-5月 -17','DD-MON-RR'));
Insert into BASE_DDIT.LOGINLOG (LOGIN_ID,LOGIN_NAME,LOGIN_NICKER,LOGIN_IP,LOGIN_TIME) values (334,'admin','超级管理员','::1',to_date('05-5月 -17','DD-MON-RR'));
Insert into BASE_DDIT.LOGINLOG (LOGIN_ID,LOGIN_NAME,LOGIN_NICKER,LOGIN_IP,LOGIN_TIME) values (337,'admin','超级管理员','::1',to_date('09-5月 -17','DD-MON-RR'));
Insert into BASE_DDIT.LOGINLOG (LOGIN_ID,LOGIN_NAME,LOGIN_NICKER,LOGIN_IP,LOGIN_TIME) values (167,'admin','超级管理员','::1',to_date('06-5月 -16','DD-MON-RR'));
Insert into BASE_DDIT.LOGINLOG (LOGIN_ID,LOGIN_NAME,LOGIN_NICKER,LOGIN_IP,LOGIN_TIME) values (168,'admin','超级管理员','::1',to_date('06-5月 -16','DD-MON-RR'));
Insert into BASE_DDIT.LOGINLOG (LOGIN_ID,LOGIN_NAME,LOGIN_NICKER,LOGIN_IP,LOGIN_TIME) values (169,'admin','超级管理员','::1',to_date('06-5月 -16','DD-MON-RR'));
Insert into BASE_DDIT.LOGINLOG (LOGIN_ID,LOGIN_NAME,LOGIN_NICKER,LOGIN_IP,LOGIN_TIME) values (175,'admin','超级管理员','::1',to_date('06-5月 -16','DD-MON-RR'));
Insert into BASE_DDIT.LOGINLOG (LOGIN_ID,LOGIN_NAME,LOGIN_NICKER,LOGIN_IP,LOGIN_TIME) values (176,'admin','超级管理员','::1',to_date('06-5月 -16','DD-MON-RR'));
Insert into BASE_DDIT.LOGINLOG (LOGIN_ID,LOGIN_NAME,LOGIN_NICKER,LOGIN_IP,LOGIN_TIME) values (177,'admin','超级管理员','::1',to_date('06-5月 -16','DD-MON-RR'));
Insert into BASE_DDIT.LOGINLOG (LOGIN_ID,LOGIN_NAME,LOGIN_NICKER,LOGIN_IP,LOGIN_TIME) values (233,'admin','超级管理员','::1',to_date('04-8月 -16','DD-MON-RR'));
Insert into BASE_DDIT.LOGINLOG (LOGIN_ID,LOGIN_NAME,LOGIN_NICKER,LOGIN_IP,LOGIN_TIME) values (243,'admin','超级管理员','::1',to_date('17-8月 -16','DD-MON-RR'));
Insert into BASE_DDIT.LOGINLOG (LOGIN_ID,LOGIN_NAME,LOGIN_NICKER,LOGIN_IP,LOGIN_TIME) values (250,'admin','超级管理员','::1',to_date('15-11月-16','DD-MON-RR'));
Insert into BASE_DDIT.LOGINLOG (LOGIN_ID,LOGIN_NAME,LOGIN_NICKER,LOGIN_IP,LOGIN_TIME) values (256,'admin','超级管理员','::1',to_date('08-2月 -17','DD-MON-RR'));
Insert into BASE_DDIT.LOGINLOG (LOGIN_ID,LOGIN_NAME,LOGIN_NICKER,LOGIN_IP,LOGIN_TIME) values (269,'admin','超级管理员','::1',to_date('21-4月 -17','DD-MON-RR'));
Insert into BASE_DDIT.LOGINLOG (LOGIN_ID,LOGIN_NAME,LOGIN_NICKER,LOGIN_IP,LOGIN_TIME) values (279,'admin','超级管理员','::1',to_date('24-4月 -17','DD-MON-RR'));
Insert into BASE_DDIT.LOGINLOG (LOGIN_ID,LOGIN_NAME,LOGIN_NICKER,LOGIN_IP,LOGIN_TIME) values (282,'admin','超级管理员','::1',to_date('25-4月 -17','DD-MON-RR'));
Insert into BASE_DDIT.LOGINLOG (LOGIN_ID,LOGIN_NAME,LOGIN_NICKER,LOGIN_IP,LOGIN_TIME) values (295,'admin','超级管理员','::1',to_date('26-4月 -17','DD-MON-RR'));
Insert into BASE_DDIT.LOGINLOG (LOGIN_ID,LOGIN_NAME,LOGIN_NICKER,LOGIN_IP,LOGIN_TIME) values (302,'admin','超级管理员','::1',to_date('27-4月 -17','DD-MON-RR'));
Insert into BASE_DDIT.LOGINLOG (LOGIN_ID,LOGIN_NAME,LOGIN_NICKER,LOGIN_IP,LOGIN_TIME) values (303,'admin','超级管理员','::1',to_date('27-4月 -17','DD-MON-RR'));
Insert into BASE_DDIT.LOGINLOG (LOGIN_ID,LOGIN_NAME,LOGIN_NICKER,LOGIN_IP,LOGIN_TIME) values (320,'admin','超级管理员','::1',to_date('02-5月 -17','DD-MON-RR'));
Insert into BASE_DDIT.LOGINLOG (LOGIN_ID,LOGIN_NAME,LOGIN_NICKER,LOGIN_IP,LOGIN_TIME) values (323,'admin','超级管理员','::1',to_date('03-5月 -17','DD-MON-RR'));
Insert into BASE_DDIT.LOGINLOG (LOGIN_ID,LOGIN_NAME,LOGIN_NICKER,LOGIN_IP,LOGIN_TIME) values (324,'admin','超级管理员','::1',to_date('03-5月 -17','DD-MON-RR'));
Insert into BASE_DDIT.LOGINLOG (LOGIN_ID,LOGIN_NAME,LOGIN_NICKER,LOGIN_IP,LOGIN_TIME) values (336,'admin','超级管理员','::1',to_date('05-5月 -17','DD-MON-RR'));
Insert into BASE_DDIT.LOGINLOG (LOGIN_ID,LOGIN_NAME,LOGIN_NICKER,LOGIN_IP,LOGIN_TIME) values (338,'admin','超级管理员','::1',to_date('10-5月 -17','DD-MON-RR'));
Insert into BASE_DDIT.LOGINLOG (LOGIN_ID,LOGIN_NAME,LOGIN_NICKER,LOGIN_IP,LOGIN_TIME) values (339,'admin','超级管理员','::1',to_date('10-5月 -17','DD-MON-RR'));
Insert into BASE_DDIT.LOGINLOG (LOGIN_ID,LOGIN_NAME,LOGIN_NICKER,LOGIN_IP,LOGIN_TIME) values (340,'admin','超级管理员','::1',to_date('10-5月 -17','DD-MON-RR'));
Insert into BASE_DDIT.LOGINLOG (LOGIN_ID,LOGIN_NAME,LOGIN_NICKER,LOGIN_IP,LOGIN_TIME) values (341,'admin','超级管理员','::1',to_date('11-5月 -17','DD-MON-RR'));
Insert into BASE_DDIT.LOGINLOG (LOGIN_ID,LOGIN_NAME,LOGIN_NICKER,LOGIN_IP,LOGIN_TIME) values (342,'admin','超级管理员','::1',to_date('12-5月 -17','DD-MON-RR'));
Insert into BASE_DDIT.LOGINLOG (LOGIN_ID,LOGIN_NAME,LOGIN_NICKER,LOGIN_IP,LOGIN_TIME) values (344,'admin','超级管理员','::1',to_date('12-5月 -17','DD-MON-RR'));
Insert into BASE_DDIT.LOGINLOG (LOGIN_ID,LOGIN_NAME,LOGIN_NICKER,LOGIN_IP,LOGIN_TIME) values (346,'admin','超级管理员','::1',to_date('12-5月 -17','DD-MON-RR'));
Insert into BASE_DDIT.LOGINLOG (LOGIN_ID,LOGIN_NAME,LOGIN_NICKER,LOGIN_IP,LOGIN_TIME) values (348,'admin','超级管理员','::1',to_date('12-5月 -17','DD-MON-RR'));
Insert into BASE_DDIT.LOGINLOG (LOGIN_ID,LOGIN_NAME,LOGIN_NICKER,LOGIN_IP,LOGIN_TIME) values (349,'admin','超级管理员','::1',to_date('12-5月 -17','DD-MON-RR'));
Insert into BASE_DDIT.LOGINLOG (LOGIN_ID,LOGIN_NAME,LOGIN_NICKER,LOGIN_IP,LOGIN_TIME) values (350,'admin','超级管理员','::1',to_date('12-5月 -17','DD-MON-RR'));
Insert into BASE_DDIT.LOGINLOG (LOGIN_ID,LOGIN_NAME,LOGIN_NICKER,LOGIN_IP,LOGIN_TIME) values (352,'admin','超级管理员','::1',to_date('12-5月 -17','DD-MON-RR'));
Insert into BASE_DDIT.LOGINLOG (LOGIN_ID,LOGIN_NAME,LOGIN_NICKER,LOGIN_IP,LOGIN_TIME) values (353,'admin','超级管理员','::1',to_date('15-5月 -17','DD-MON-RR'));
Insert into BASE_DDIT.LOGINLOG (LOGIN_ID,LOGIN_NAME,LOGIN_NICKER,LOGIN_IP,LOGIN_TIME) values (354,'admin','超级管理员','::1',to_date('15-5月 -17','DD-MON-RR'));
Insert into BASE_DDIT.LOGINLOG (LOGIN_ID,LOGIN_NAME,LOGIN_NICKER,LOGIN_IP,LOGIN_TIME) values (355,'admin','超级管理员','::1',to_date('15-5月 -17','DD-MON-RR'));
Insert into BASE_DDIT.LOGINLOG (LOGIN_ID,LOGIN_NAME,LOGIN_NICKER,LOGIN_IP,LOGIN_TIME) values (356,'admin','超级管理员','::1',to_date('15-5月 -17','DD-MON-RR'));
Insert into BASE_DDIT.LOGINLOG (LOGIN_ID,LOGIN_NAME,LOGIN_NICKER,LOGIN_IP,LOGIN_TIME) values (359,'admin','超级管理员','::1',to_date('15-5月 -17','DD-MON-RR'));
Insert into BASE_DDIT.LOGINLOG (LOGIN_ID,LOGIN_NAME,LOGIN_NICKER,LOGIN_IP,LOGIN_TIME) values (360,'admin','超级管理员','::1',to_date('16-5月 -17','DD-MON-RR'));
Insert into BASE_DDIT.LOGINLOG (LOGIN_ID,LOGIN_NAME,LOGIN_NICKER,LOGIN_IP,LOGIN_TIME) values (361,'admin','超级管理员','::1',to_date('16-5月 -17','DD-MON-RR'));
Insert into BASE_DDIT.LOGINLOG (LOGIN_ID,LOGIN_NAME,LOGIN_NICKER,LOGIN_IP,LOGIN_TIME) values (362,'admin','超级管理员','::1',to_date('16-5月 -17','DD-MON-RR'));
Insert into BASE_DDIT.LOGINLOG (LOGIN_ID,LOGIN_NAME,LOGIN_NICKER,LOGIN_IP,LOGIN_TIME) values (365,'admin','超级管理员','::1',to_date('16-5月 -17','DD-MON-RR'));
Insert into BASE_DDIT.LOGINLOG (LOGIN_ID,LOGIN_NAME,LOGIN_NICKER,LOGIN_IP,LOGIN_TIME) values (368,'admin','超级管理员','::1',to_date('16-5月 -17','DD-MON-RR'));
Insert into BASE_DDIT.LOGINLOG (LOGIN_ID,LOGIN_NAME,LOGIN_NICKER,LOGIN_IP,LOGIN_TIME) values (374,'admin','超级管理员','::1',to_date('17-5月 -17','DD-MON-RR'));
Insert into BASE_DDIT.LOGINLOG (LOGIN_ID,LOGIN_NAME,LOGIN_NICKER,LOGIN_IP,LOGIN_TIME) values (375,'admin','超级管理员','192.168.40.35',to_date('17-5月 -17','DD-MON-RR'));
Insert into BASE_DDIT.LOGINLOG (LOGIN_ID,LOGIN_NAME,LOGIN_NICKER,LOGIN_IP,LOGIN_TIME) values (376,'admin','超级管理员','::1',to_date('17-5月 -17','DD-MON-RR'));
Insert into BASE_DDIT.LOGINLOG (LOGIN_ID,LOGIN_NAME,LOGIN_NICKER,LOGIN_IP,LOGIN_TIME) values (380,'admin','超级管理员','192.168.40.35',to_date('17-5月 -17','DD-MON-RR'));
Insert into BASE_DDIT.LOGINLOG (LOGIN_ID,LOGIN_NAME,LOGIN_NICKER,LOGIN_IP,LOGIN_TIME) values (383,'admin','超级管理员','192.168.40.35',to_date('17-5月 -17','DD-MON-RR'));
Insert into BASE_DDIT.LOGINLOG (LOGIN_ID,LOGIN_NAME,LOGIN_NICKER,LOGIN_IP,LOGIN_TIME) values (384,'admin','超级管理员','::1',to_date('18-5月 -17','DD-MON-RR'));
Insert into BASE_DDIT.LOGINLOG (LOGIN_ID,LOGIN_NAME,LOGIN_NICKER,LOGIN_IP,LOGIN_TIME) values (386,'admin','超级管理员','::1',to_date('18-5月 -17','DD-MON-RR'));
Insert into BASE_DDIT.LOGINLOG (LOGIN_ID,LOGIN_NAME,LOGIN_NICKER,LOGIN_IP,LOGIN_TIME) values (387,'admin','超级管理员','::1',to_date('18-5月 -17','DD-MON-RR'));
Insert into BASE_DDIT.LOGINLOG (LOGIN_ID,LOGIN_NAME,LOGIN_NICKER,LOGIN_IP,LOGIN_TIME) values (388,'admin','超级管理员','::1',to_date('18-5月 -17','DD-MON-RR'));
Insert into BASE_DDIT.LOGINLOG (LOGIN_ID,LOGIN_NAME,LOGIN_NICKER,LOGIN_IP,LOGIN_TIME) values (389,'admin','超级管理员','::1',to_date('18-5月 -17','DD-MON-RR'));
Insert into BASE_DDIT.LOGINLOG (LOGIN_ID,LOGIN_NAME,LOGIN_NICKER,LOGIN_IP,LOGIN_TIME) values (390,'admin','超级管理员','::1',to_date('18-5月 -17','DD-MON-RR'));
Insert into BASE_DDIT.LOGINLOG (LOGIN_ID,LOGIN_NAME,LOGIN_NICKER,LOGIN_IP,LOGIN_TIME) values (391,'admin','超级管理员','::1',to_date('19-5月 -17','DD-MON-RR'));
Insert into BASE_DDIT.LOGINLOG (LOGIN_ID,LOGIN_NAME,LOGIN_NICKER,LOGIN_IP,LOGIN_TIME) values (392,'admin','超级管理员','::1',to_date('22-5月 -17','DD-MON-RR'));
Insert into BASE_DDIT.LOGINLOG (LOGIN_ID,LOGIN_NAME,LOGIN_NICKER,LOGIN_IP,LOGIN_TIME) values (393,'admin','超级管理员','::1',to_date('22-5月 -17','DD-MON-RR'));
Insert into BASE_DDIT.LOGINLOG (LOGIN_ID,LOGIN_NAME,LOGIN_NICKER,LOGIN_IP,LOGIN_TIME) values (394,'admin','超级管理员','::1',to_date('22-5月 -17','DD-MON-RR'));
Insert into BASE_DDIT.LOGINLOG (LOGIN_ID,LOGIN_NAME,LOGIN_NICKER,LOGIN_IP,LOGIN_TIME) values (395,'admin','超级管理员','::1',to_date('22-5月 -17','DD-MON-RR'));
Insert into BASE_DDIT.LOGINLOG (LOGIN_ID,LOGIN_NAME,LOGIN_NICKER,LOGIN_IP,LOGIN_TIME) values (396,'admin','超级管理员','::1',to_date('22-5月 -17','DD-MON-RR'));
Insert into BASE_DDIT.LOGINLOG (LOGIN_ID,LOGIN_NAME,LOGIN_NICKER,LOGIN_IP,LOGIN_TIME) values (397,'admin','超级管理员','::1',to_date('23-5月 -17','DD-MON-RR'));
Insert into BASE_DDIT.LOGINLOG (LOGIN_ID,LOGIN_NAME,LOGIN_NICKER,LOGIN_IP,LOGIN_TIME) values (398,'admin','超级管理员','::1',to_date('23-5月 -17','DD-MON-RR'));
Insert into BASE_DDIT.LOGINLOG (LOGIN_ID,LOGIN_NAME,LOGIN_NICKER,LOGIN_IP,LOGIN_TIME) values (399,'admin','超级管理员','::1',to_date('23-5月 -17','DD-MON-RR'));
Insert into BASE_DDIT.LOGINLOG (LOGIN_ID,LOGIN_NAME,LOGIN_NICKER,LOGIN_IP,LOGIN_TIME) values (400,'admin','超级管理员','::1',to_date('23-5月 -17','DD-MON-RR'));
Insert into BASE_DDIT.LOGINLOG (LOGIN_ID,LOGIN_NAME,LOGIN_NICKER,LOGIN_IP,LOGIN_TIME) values (401,'admin','超级管理员','::1',to_date('23-5月 -17','DD-MON-RR'));
Insert into BASE_DDIT.LOGINLOG (LOGIN_ID,LOGIN_NAME,LOGIN_NICKER,LOGIN_IP,LOGIN_TIME) values (402,'admin','超级管理员','::1',to_date('23-5月 -17','DD-MON-RR'));
Insert into BASE_DDIT.LOGINLOG (LOGIN_ID,LOGIN_NAME,LOGIN_NICKER,LOGIN_IP,LOGIN_TIME) values (403,'admin','超级管理员','::1',to_date('23-5月 -17','DD-MON-RR'));
Insert into BASE_DDIT.LOGINLOG (LOGIN_ID,LOGIN_NAME,LOGIN_NICKER,LOGIN_IP,LOGIN_TIME) values (404,'admin','超级管理员','::1',to_date('23-5月 -17','DD-MON-RR'));
Insert into BASE_DDIT.LOGINLOG (LOGIN_ID,LOGIN_NAME,LOGIN_NICKER,LOGIN_IP,LOGIN_TIME) values (405,'admin','超级管理员','::1',to_date('23-5月 -17','DD-MON-RR'));
Insert into BASE_DDIT.LOGINLOG (LOGIN_ID,LOGIN_NAME,LOGIN_NICKER,LOGIN_IP,LOGIN_TIME) values (408,'admin','超级管理员','::1',to_date('24-5月 -17','DD-MON-RR'));
Insert into BASE_DDIT.LOGINLOG (LOGIN_ID,LOGIN_NAME,LOGIN_NICKER,LOGIN_IP,LOGIN_TIME) values (409,'admin','超级管理员','::1',to_date('24-5月 -17','DD-MON-RR'));
Insert into BASE_DDIT.LOGINLOG (LOGIN_ID,LOGIN_NAME,LOGIN_NICKER,LOGIN_IP,LOGIN_TIME) values (413,'admin','超级管理员','::1',to_date('25-5月 -17','DD-MON-RR'));
Insert into BASE_DDIT.LOGINLOG (LOGIN_ID,LOGIN_NAME,LOGIN_NICKER,LOGIN_IP,LOGIN_TIME) values (414,'admin','超级管理员','::1',to_date('25-5月 -17','DD-MON-RR'));
Insert into BASE_DDIT.LOGINLOG (LOGIN_ID,LOGIN_NAME,LOGIN_NICKER,LOGIN_IP,LOGIN_TIME) values (415,'admin','超级管理员','::1',to_date('25-5月 -17','DD-MON-RR'));
Insert into BASE_DDIT.LOGINLOG (LOGIN_ID,LOGIN_NAME,LOGIN_NICKER,LOGIN_IP,LOGIN_TIME) values (420,'admin','超级管理员','::1',to_date('25-5月 -17','DD-MON-RR'));
Insert into BASE_DDIT.LOGINLOG (LOGIN_ID,LOGIN_NAME,LOGIN_NICKER,LOGIN_IP,LOGIN_TIME) values (423,'admin','超级管理员','::1',to_date('26-5月 -17','DD-MON-RR'));
Insert into BASE_DDIT.LOGINLOG (LOGIN_ID,LOGIN_NAME,LOGIN_NICKER,LOGIN_IP,LOGIN_TIME) values (425,'admin','超级管理员','::1',to_date('26-5月 -17','DD-MON-RR'));
Insert into BASE_DDIT.LOGINLOG (LOGIN_ID,LOGIN_NAME,LOGIN_NICKER,LOGIN_IP,LOGIN_TIME) values (196,'admin','超级管理员','::1',to_date('15-7月 -16','DD-MON-RR'));
Insert into BASE_DDIT.LOGINLOG (LOGIN_ID,LOGIN_NAME,LOGIN_NICKER,LOGIN_IP,LOGIN_TIME) values (197,'admin','超级管理员','::1',to_date('15-7月 -16','DD-MON-RR'));
Insert into BASE_DDIT.LOGINLOG (LOGIN_ID,LOGIN_NAME,LOGIN_NICKER,LOGIN_IP,LOGIN_TIME) values (204,'admin','超级管理员','::1',to_date('18-7月 -16','DD-MON-RR'));
Insert into BASE_DDIT.LOGINLOG (LOGIN_ID,LOGIN_NAME,LOGIN_NICKER,LOGIN_IP,LOGIN_TIME) values (205,'admin','超级管理员','::1',to_date('18-7月 -16','DD-MON-RR'));
Insert into BASE_DDIT.LOGINLOG (LOGIN_ID,LOGIN_NAME,LOGIN_NICKER,LOGIN_IP,LOGIN_TIME) values (210,'admin','超级管理员','::1',to_date('18-7月 -16','DD-MON-RR'));
Insert into BASE_DDIT.LOGINLOG (LOGIN_ID,LOGIN_NAME,LOGIN_NICKER,LOGIN_IP,LOGIN_TIME) values (219,'admin','超级管理员','::1',to_date('22-7月 -16','DD-MON-RR'));
Insert into BASE_DDIT.LOGINLOG (LOGIN_ID,LOGIN_NAME,LOGIN_NICKER,LOGIN_IP,LOGIN_TIME) values (224,'admin','超级管理员','::1',to_date('27-7月 -16','DD-MON-RR'));
Insert into BASE_DDIT.LOGINLOG (LOGIN_ID,LOGIN_NAME,LOGIN_NICKER,LOGIN_IP,LOGIN_TIME) values (240,'admin','超级管理员','::1',to_date('16-8月 -16','DD-MON-RR'));
Insert into BASE_DDIT.LOGINLOG (LOGIN_ID,LOGIN_NAME,LOGIN_NICKER,LOGIN_IP,LOGIN_TIME) values (294,'admin','超级管理员','::1',to_date('26-4月 -17','DD-MON-RR'));
Insert into BASE_DDIT.LOGINLOG (LOGIN_ID,LOGIN_NAME,LOGIN_NICKER,LOGIN_IP,LOGIN_TIME) values (296,'admin','超级管理员','::1',to_date('26-4月 -17','DD-MON-RR'));
Insert into BASE_DDIT.LOGINLOG (LOGIN_ID,LOGIN_NAME,LOGIN_NICKER,LOGIN_IP,LOGIN_TIME) values (297,'layer5','关羽','::1',to_date('26-4月 -17','DD-MON-RR'));
Insert into BASE_DDIT.LOGINLOG (LOGIN_ID,LOGIN_NAME,LOGIN_NICKER,LOGIN_IP,LOGIN_TIME) values (298,'admin','超级管理员','::1',to_date('26-4月 -17','DD-MON-RR'));
Insert into BASE_DDIT.LOGINLOG (LOGIN_ID,LOGIN_NAME,LOGIN_NICKER,LOGIN_IP,LOGIN_TIME) values (300,'admin','超级管理员','::1',to_date('27-4月 -17','DD-MON-RR'));
Insert into BASE_DDIT.LOGINLOG (LOGIN_ID,LOGIN_NAME,LOGIN_NICKER,LOGIN_IP,LOGIN_TIME) values (305,'admin','超级管理员','::1',to_date('27-4月 -17','DD-MON-RR'));
Insert into BASE_DDIT.LOGINLOG (LOGIN_ID,LOGIN_NAME,LOGIN_NICKER,LOGIN_IP,LOGIN_TIME) values (306,'admin','超级管理员','::1',to_date('27-4月 -17','DD-MON-RR'));
Insert into BASE_DDIT.LOGINLOG (LOGIN_ID,LOGIN_NAME,LOGIN_NICKER,LOGIN_IP,LOGIN_TIME) values (307,'admin','超级管理员','::1',to_date('27-4月 -17','DD-MON-RR'));
Insert into BASE_DDIT.LOGINLOG (LOGIN_ID,LOGIN_NAME,LOGIN_NICKER,LOGIN_IP,LOGIN_TIME) values (331,'admin','超级管理员','::1',to_date('04-5月 -17','DD-MON-RR'));
Insert into BASE_DDIT.LOGINLOG (LOGIN_ID,LOGIN_NAME,LOGIN_NICKER,LOGIN_IP,LOGIN_TIME) values (333,'admin','超级管理员','::1',to_date('04-5月 -17','DD-MON-RR'));
Insert into BASE_DDIT.LOGINLOG (LOGIN_ID,LOGIN_NAME,LOGIN_NICKER,LOGIN_IP,LOGIN_TIME) values (335,'admin','超级管理员','::1',to_date('05-5月 -17','DD-MON-RR'));
Insert into BASE_DDIT.LOGINLOG (LOGIN_ID,LOGIN_NAME,LOGIN_NICKER,LOGIN_IP,LOGIN_TIME) values (214,'admin','超级管理员','::1',to_date('19-7月 -16','DD-MON-RR'));
Insert into BASE_DDIT.LOGINLOG (LOGIN_ID,LOGIN_NAME,LOGIN_NICKER,LOGIN_IP,LOGIN_TIME) values (215,'admin','超级管理员','127.0.0.1',to_date('19-7月 -16','DD-MON-RR'));
Insert into BASE_DDIT.LOGINLOG (LOGIN_ID,LOGIN_NAME,LOGIN_NICKER,LOGIN_IP,LOGIN_TIME) values (343,'admin','超级管理员','::1',to_date('12-5月 -17','DD-MON-RR'));
Insert into BASE_DDIT.LOGINLOG (LOGIN_ID,LOGIN_NAME,LOGIN_NICKER,LOGIN_IP,LOGIN_TIME) values (345,'admin','超级管理员','::1',to_date('12-5月 -17','DD-MON-RR'));
Insert into BASE_DDIT.LOGINLOG (LOGIN_ID,LOGIN_NAME,LOGIN_NICKER,LOGIN_IP,LOGIN_TIME) values (347,'admin','超级管理员','::1',to_date('12-5月 -17','DD-MON-RR'));
Insert into BASE_DDIT.LOGINLOG (LOGIN_ID,LOGIN_NAME,LOGIN_NICKER,LOGIN_IP,LOGIN_TIME) values (351,'admin','超级管理员','::1',to_date('12-5月 -17','DD-MON-RR'));
Insert into BASE_DDIT.LOGINLOG (LOGIN_ID,LOGIN_NAME,LOGIN_NICKER,LOGIN_IP,LOGIN_TIME) values (385,'admin','超级管理员','::1',to_date('18-5月 -17','DD-MON-RR'));
Insert into BASE_DDIT.LOGINLOG (LOGIN_ID,LOGIN_NAME,LOGIN_NICKER,LOGIN_IP,LOGIN_TIME) values (410,'admin','超级管理员','::1',to_date('24-5月 -17','DD-MON-RR'));
Insert into BASE_DDIT.LOGINLOG (LOGIN_ID,LOGIN_NAME,LOGIN_NICKER,LOGIN_IP,LOGIN_TIME) values (411,'admin','超级管理员','::1',to_date('24-5月 -17','DD-MON-RR'));
Insert into BASE_DDIT.LOGINLOG (LOGIN_ID,LOGIN_NAME,LOGIN_NICKER,LOGIN_IP,LOGIN_TIME) values (412,'admin','超级管理员','::1',to_date('24-5月 -17','DD-MON-RR'));
Insert into BASE_DDIT.LOGINLOG (LOGIN_ID,LOGIN_NAME,LOGIN_NICKER,LOGIN_IP,LOGIN_TIME) values (424,'admin','超级管理员','::1',to_date('26-5月 -17','DD-MON-RR'));
Insert into BASE_DDIT.LOGINLOG (LOGIN_ID,LOGIN_NAME,LOGIN_NICKER,LOGIN_IP,LOGIN_TIME) values (244,'admin','超级管理员','::1',to_date('17-8月 -16','DD-MON-RR'));
Insert into BASE_DDIT.LOGINLOG (LOGIN_ID,LOGIN_NAME,LOGIN_NICKER,LOGIN_IP,LOGIN_TIME) values (416,'admin','超级管理员','::1',to_date('25-5月 -17','DD-MON-RR'));
Insert into BASE_DDIT.LOGINLOG (LOGIN_ID,LOGIN_NAME,LOGIN_NICKER,LOGIN_IP,LOGIN_TIME) values (419,'admin','超级管理员','::1',to_date('25-5月 -17','DD-MON-RR'));
Insert into BASE_DDIT.LOGINLOG (LOGIN_ID,LOGIN_NAME,LOGIN_NICKER,LOGIN_IP,LOGIN_TIME) values (421,'admin','超级管理员','::1',to_date('25-5月 -17','DD-MON-RR'));
Insert into BASE_DDIT.LOGINLOG (LOGIN_ID,LOGIN_NAME,LOGIN_NICKER,LOGIN_IP,LOGIN_TIME) values (422,'admin','超级管理员','::1',to_date('25-5月 -17','DD-MON-RR'));
Insert into BASE_DDIT.LOGINLOG (LOGIN_ID,LOGIN_NAME,LOGIN_NICKER,LOGIN_IP,LOGIN_TIME) values (257,'admin','超级管理员','::1',to_date('08-2月 -17','DD-MON-RR'));
Insert into BASE_DDIT.LOGINLOG (LOGIN_ID,LOGIN_NAME,LOGIN_NICKER,LOGIN_IP,LOGIN_TIME) values (258,'admin','超级管理员','::1',to_date('08-2月 -17','DD-MON-RR'));
Insert into BASE_DDIT.LOGINLOG (LOGIN_ID,LOGIN_NAME,LOGIN_NICKER,LOGIN_IP,LOGIN_TIME) values (259,'admin','超级管理员','::1',to_date('08-2月 -17','DD-MON-RR'));
Insert into BASE_DDIT.LOGINLOG (LOGIN_ID,LOGIN_NAME,LOGIN_NICKER,LOGIN_IP,LOGIN_TIME) values (260,'admin','超级管理员','::1',to_date('08-2月 -17','DD-MON-RR'));
Insert into BASE_DDIT.LOGINLOG (LOGIN_ID,LOGIN_NAME,LOGIN_NICKER,LOGIN_IP,LOGIN_TIME) values (276,'admin','超级管理员','::1',to_date('21-4月 -17','DD-MON-RR'));
Insert into BASE_DDIT.LOGINLOG (LOGIN_ID,LOGIN_NAME,LOGIN_NICKER,LOGIN_IP,LOGIN_TIME) values (417,'admin','超级管理员','::1',to_date('25-5月 -17','DD-MON-RR'));
Insert into BASE_DDIT.LOGINLOG (LOGIN_ID,LOGIN_NAME,LOGIN_NICKER,LOGIN_IP,LOGIN_TIME) values (418,'admin','超级管理员','::1',to_date('25-5月 -17','DD-MON-RR'));
Insert into BASE_DDIT.LOGINLOG (LOGIN_ID,LOGIN_NAME,LOGIN_NICKER,LOGIN_IP,LOGIN_TIME) values (285,'admin','超级管理员','127.0.0.1',to_date('25-4月 -17','DD-MON-RR'));
Insert into BASE_DDIT.LOGINLOG (LOGIN_ID,LOGIN_NAME,LOGIN_NICKER,LOGIN_IP,LOGIN_TIME) values (286,'admin','超级管理员','127.0.0.1',to_date('25-4月 -17','DD-MON-RR'));
Insert into BASE_DDIT.LOGINLOG (LOGIN_ID,LOGIN_NAME,LOGIN_NICKER,LOGIN_IP,LOGIN_TIME) values (287,'admin','超级管理员','127.0.0.1',to_date('25-4月 -17','DD-MON-RR'));
Insert into BASE_DDIT.LOGINLOG (LOGIN_ID,LOGIN_NAME,LOGIN_NICKER,LOGIN_IP,LOGIN_TIME) values (288,'admin','超级管理员','127.0.0.1',to_date('25-4月 -17','DD-MON-RR'));
Insert into BASE_DDIT.LOGINLOG (LOGIN_ID,LOGIN_NAME,LOGIN_NICKER,LOGIN_IP,LOGIN_TIME) values (290,'admin','超级管理员','127.0.0.1',to_date('25-4月 -17','DD-MON-RR'));
Insert into BASE_DDIT.LOGINLOG (LOGIN_ID,LOGIN_NAME,LOGIN_NICKER,LOGIN_IP,LOGIN_TIME) values (291,'admin','超级管理员','127.0.0.1',to_date('25-4月 -17','DD-MON-RR'));
Insert into BASE_DDIT.LOGINLOG (LOGIN_ID,LOGIN_NAME,LOGIN_NICKER,LOGIN_IP,LOGIN_TIME) values (313,'admin','超级管理员','::1',to_date('28-4月 -17','DD-MON-RR'));
Insert into BASE_DDIT.LOGINLOG (LOGIN_ID,LOGIN_NAME,LOGIN_NICKER,LOGIN_IP,LOGIN_TIME) values (315,'admin','超级管理员','::1',to_date('02-5月 -17','DD-MON-RR'));
Insert into BASE_DDIT.LOGINLOG (LOGIN_ID,LOGIN_NAME,LOGIN_NICKER,LOGIN_IP,LOGIN_TIME) values (316,'admin','超级管理员','::1',to_date('02-5月 -17','DD-MON-RR'));
Insert into BASE_DDIT.LOGINLOG (LOGIN_ID,LOGIN_NAME,LOGIN_NICKER,LOGIN_IP,LOGIN_TIME) values (319,'admin','超级管理员','::1',to_date('02-5月 -17','DD-MON-RR'));
Insert into BASE_DDIT.LOGINLOG (LOGIN_ID,LOGIN_NAME,LOGIN_NICKER,LOGIN_IP,LOGIN_TIME) values (329,'admin','超级管理员','::1',to_date('03-5月 -17','DD-MON-RR'));
Insert into BASE_DDIT.LOGINLOG (LOGIN_ID,LOGIN_NAME,LOGIN_NICKER,LOGIN_IP,LOGIN_TIME) values (357,'admin','超级管理员','::1',to_date('15-5月 -17','DD-MON-RR'));
Insert into BASE_DDIT.LOGINLOG (LOGIN_ID,LOGIN_NAME,LOGIN_NICKER,LOGIN_IP,LOGIN_TIME) values (358,'admin','超级管理员','::1',to_date('15-5月 -17','DD-MON-RR'));
Insert into BASE_DDIT.LOGINLOG (LOGIN_ID,LOGIN_NAME,LOGIN_NICKER,LOGIN_IP,LOGIN_TIME) values (363,'admin','超级管理员','::1',to_date('16-5月 -17','DD-MON-RR'));
Insert into BASE_DDIT.LOGINLOG (LOGIN_ID,LOGIN_NAME,LOGIN_NICKER,LOGIN_IP,LOGIN_TIME) values (364,'admin','超级管理员','::1',to_date('16-5月 -17','DD-MON-RR'));
Insert into BASE_DDIT.LOGINLOG (LOGIN_ID,LOGIN_NAME,LOGIN_NICKER,LOGIN_IP,LOGIN_TIME) values (366,'admin','超级管理员','192.168.40.35',to_date('16-5月 -17','DD-MON-RR'));
Insert into BASE_DDIT.LOGINLOG (LOGIN_ID,LOGIN_NAME,LOGIN_NICKER,LOGIN_IP,LOGIN_TIME) values (367,'admin','超级管理员','192.168.40.35',to_date('16-5月 -17','DD-MON-RR'));
Insert into BASE_DDIT.LOGINLOG (LOGIN_ID,LOGIN_NAME,LOGIN_NICKER,LOGIN_IP,LOGIN_TIME) values (369,'admin','超级管理员','192.168.40.35',to_date('16-5月 -17','DD-MON-RR'));
Insert into BASE_DDIT.LOGINLOG (LOGIN_ID,LOGIN_NAME,LOGIN_NICKER,LOGIN_IP,LOGIN_TIME) values (370,'admin','超级管理员','192.168.40.35',to_date('16-5月 -17','DD-MON-RR'));
Insert into BASE_DDIT.LOGINLOG (LOGIN_ID,LOGIN_NAME,LOGIN_NICKER,LOGIN_IP,LOGIN_TIME) values (371,'admin','超级管理员','::1',to_date('16-5月 -17','DD-MON-RR'));
Insert into BASE_DDIT.LOGINLOG (LOGIN_ID,LOGIN_NAME,LOGIN_NICKER,LOGIN_IP,LOGIN_TIME) values (372,'admin','超级管理员','::1',to_date('16-5月 -17','DD-MON-RR'));
Insert into BASE_DDIT.LOGINLOG (LOGIN_ID,LOGIN_NAME,LOGIN_NICKER,LOGIN_IP,LOGIN_TIME) values (373,'admin','超级管理员','::1',to_date('16-5月 -17','DD-MON-RR'));
Insert into BASE_DDIT.LOGINLOG (LOGIN_ID,LOGIN_NAME,LOGIN_NICKER,LOGIN_IP,LOGIN_TIME) values (377,'admin','超级管理员','::1',to_date('17-5月 -17','DD-MON-RR'));
Insert into BASE_DDIT.LOGINLOG (LOGIN_ID,LOGIN_NAME,LOGIN_NICKER,LOGIN_IP,LOGIN_TIME) values (378,'admin','超级管理员','::1',to_date('17-5月 -17','DD-MON-RR'));
Insert into BASE_DDIT.LOGINLOG (LOGIN_ID,LOGIN_NAME,LOGIN_NICKER,LOGIN_IP,LOGIN_TIME) values (379,'admin','超级管理员','::1',to_date('17-5月 -17','DD-MON-RR'));
Insert into BASE_DDIT.LOGINLOG (LOGIN_ID,LOGIN_NAME,LOGIN_NICKER,LOGIN_IP,LOGIN_TIME) values (381,'admin','超级管理员','::1',to_date('17-5月 -17','DD-MON-RR'));
Insert into BASE_DDIT.LOGINLOG (LOGIN_ID,LOGIN_NAME,LOGIN_NICKER,LOGIN_IP,LOGIN_TIME) values (382,'admin','超级管理员','192.168.40.35',to_date('17-5月 -17','DD-MON-RR'));
Insert into BASE_DDIT.LOGINLOG (LOGIN_ID,LOGIN_NAME,LOGIN_NICKER,LOGIN_IP,LOGIN_TIME) values (406,'admin','超级管理员','::1',to_date('23-5月 -17','DD-MON-RR'));
Insert into BASE_DDIT.LOGINLOG (LOGIN_ID,LOGIN_NAME,LOGIN_NICKER,LOGIN_IP,LOGIN_TIME) values (407,'admin','超级管理员','::1',to_date('23-5月 -17','DD-MON-RR'));
Insert into BASE_DDIT.LOGINLOG (LOGIN_ID,LOGIN_NAME,LOGIN_NICKER,LOGIN_IP,LOGIN_TIME) values (429,'admin','超级管理员','::1',to_date('31-5月 -17','DD-MON-RR'));
Insert into BASE_DDIT.LOGINLOG (LOGIN_ID,LOGIN_NAME,LOGIN_NICKER,LOGIN_IP,LOGIN_TIME) values (441,'admin','超级管理员','::1',to_date('01-6月 -17','DD-MON-RR'));
Insert into BASE_DDIT.LOGINLOG (LOGIN_ID,LOGIN_NAME,LOGIN_NICKER,LOGIN_IP,LOGIN_TIME) values (442,'admin','超级管理员','::1',to_date('01-6月 -17','DD-MON-RR'));
Insert into BASE_DDIT.LOGINLOG (LOGIN_ID,LOGIN_NAME,LOGIN_NICKER,LOGIN_IP,LOGIN_TIME) values (443,'admin','超级管理员','::1',to_date('01-6月 -17','DD-MON-RR'));
Insert into BASE_DDIT.LOGINLOG (LOGIN_ID,LOGIN_NAME,LOGIN_NICKER,LOGIN_IP,LOGIN_TIME) values (444,'admin','超级管理员','::1',to_date('01-6月 -17','DD-MON-RR'));
Insert into BASE_DDIT.LOGINLOG (LOGIN_ID,LOGIN_NAME,LOGIN_NICKER,LOGIN_IP,LOGIN_TIME) values (445,'admin','超级管理员','::1',to_date('01-6月 -17','DD-MON-RR'));
Insert into BASE_DDIT.LOGINLOG (LOGIN_ID,LOGIN_NAME,LOGIN_NICKER,LOGIN_IP,LOGIN_TIME) values (461,'admin','超级管理员','::1',to_date('02-6月 -17','DD-MON-RR'));
Insert into BASE_DDIT.LOGINLOG (LOGIN_ID,LOGIN_NAME,LOGIN_NICKER,LOGIN_IP,LOGIN_TIME) values (462,'admin','超级管理员','::1',to_date('02-6月 -17','DD-MON-RR'));
Insert into BASE_DDIT.LOGINLOG (LOGIN_ID,LOGIN_NAME,LOGIN_NICKER,LOGIN_IP,LOGIN_TIME) values (463,'admin','超级管理员','::1',to_date('02-6月 -17','DD-MON-RR'));
REM INSERTING into BASE_DDIT.MENU
SET DEFINE OFF;
Insert into BASE_DDIT.MENU (MENU_ID,MENU_NAME,MENU_URL,MENU_PARENTID,MENU_ORDER,MENU_ICON,ISVISIBLE,CREATE_TIME,UPDATE_TIME) values (1,'系统设置','youare',null,1,'glyphicon glyphicon-text59',1,to_date('21-3月 -16','DD-MON-RR'),null);
Insert into BASE_DDIT.MENU (MENU_ID,MENU_NAME,MENU_URL,MENU_PARENTID,MENU_ORDER,MENU_ICON,ISVISIBLE,CREATE_TIME,UPDATE_TIME) values (4,'用户管理','/User/Index',1,1,'glyphicon glyphicon-text57',1,to_date('21-3月 -16','DD-MON-RR'),null);
Insert into BASE_DDIT.MENU (MENU_ID,MENU_NAME,MENU_URL,MENU_PARENTID,MENU_ORDER,MENU_ICON,ISVISIBLE,CREATE_TIME,UPDATE_TIME) values (5,'角色管理','/Role/Index',1,2,'glyphicon glyphicon-text57',1,to_date('21-3月 -16','DD-MON-RR'),null);
Insert into BASE_DDIT.MENU (MENU_ID,MENU_NAME,MENU_URL,MENU_PARENTID,MENU_ORDER,MENU_ICON,ISVISIBLE,CREATE_TIME,UPDATE_TIME) values (9,'菜单管理','/Menu/Index',1,4,'glyphicon glyphicon-text58',1,to_date('21-3月 -16','DD-MON-RR'),null);
Insert into BASE_DDIT.MENU (MENU_ID,MENU_NAME,MENU_URL,MENU_PARENTID,MENU_ORDER,MENU_ICON,ISVISIBLE,CREATE_TIME,UPDATE_TIME) values (28,'按钮管理','/Button/Index',1,5,'glyphicon glyphicon-text2',0,to_date('23-3月 -16','DD-MON-RR'),null);
Insert into BASE_DDIT.MENU (MENU_ID,MENU_NAME,MENU_URL,MENU_PARENTID,MENU_ORDER,MENU_ICON,ISVISIBLE,CREATE_TIME,UPDATE_TIME) values (29,'统计报表',' ',null,2,'glyphicon glyphicon-text23',0,to_date('23-3月 -16','DD-MON-RR'),null);
Insert into BASE_DDIT.MENU (MENU_ID,MENU_NAME,MENU_URL,MENU_PARENTID,MENU_ORDER,MENU_ICON,ISVISIBLE,CREATE_TIME,UPDATE_TIME) values (30,'日志管理','/Log/Index',1,7,'glyphicon glyphicon-text27',0,to_date('23-3月 -16','DD-MON-RR'),null);
Insert into BASE_DDIT.MENU (MENU_ID,MENU_NAME,MENU_URL,MENU_PARENTID,MENU_ORDER,MENU_ICON,ISVISIBLE,CREATE_TIME,UPDATE_TIME) values (31,'核心业务',' ',null,3,'glyphicon glyphicon-text16',0,to_date('23-3月 -16','DD-MON-RR'),null);
Insert into BASE_DDIT.MENU (MENU_ID,MENU_NAME,MENU_URL,MENU_PARENTID,MENU_ORDER,MENU_ICON,ISVISIBLE,CREATE_TIME,UPDATE_TIME) values (32,'组织结构',' ',29,6,'glyphicon glyphicon-text5',0,to_date('23-3月 -16','DD-MON-RR'),null);
Insert into BASE_DDIT.MENU (MENU_ID,MENU_NAME,MENU_URL,MENU_PARENTID,MENU_ORDER,MENU_ICON,ISVISIBLE,CREATE_TIME,UPDATE_TIME) values (33,'数据字典','/Dictionary/Index',1,6,'glyphicon glyphicon-text',0,to_date('23-3月 -16','DD-MON-RR'),null);
Insert into BASE_DDIT.MENU (MENU_ID,MENU_NAME,MENU_URL,MENU_PARENTID,MENU_ORDER,MENU_ICON,ISVISIBLE,CREATE_TIME,UPDATE_TIME) values (45,'业务管理',' ',null,4,'glyphicon glyphicon-text23',0,to_date('24-5月 -17','DD-MON-RR'),null);
Insert into BASE_DDIT.MENU (MENU_ID,MENU_NAME,MENU_URL,MENU_PARENTID,MENU_ORDER,MENU_ICON,ISVISIBLE,CREATE_TIME,UPDATE_TIME) values (46,'新闻列表','/News/Index',45,1,'glyphicon glyphicon-text23',0,to_date('24-5月 -17','DD-MON-RR'),null);
REM INSERTING into BASE_DDIT.MENU_BUTTON
SET DEFINE OFF;
Insert into BASE_DDIT.MENU_BUTTON (ID,MENU_ID,BUTTON_ID,ORDERBY) values (59,46,1,1);
Insert into BASE_DDIT.MENU_BUTTON (ID,MENU_ID,BUTTON_ID,ORDERBY) values (60,46,7,2);
Insert into BASE_DDIT.MENU_BUTTON (ID,MENU_ID,BUTTON_ID,ORDERBY) values (22,35,3,1);
Insert into BASE_DDIT.MENU_BUTTON (ID,MENU_ID,BUTTON_ID,ORDERBY) values (23,35,1,2);
Insert into BASE_DDIT.MENU_BUTTON (ID,MENU_ID,BUTTON_ID,ORDERBY) values (24,35,4,3);
Insert into BASE_DDIT.MENU_BUTTON (ID,MENU_ID,BUTTON_ID,ORDERBY) values (25,35,2,4);
Insert into BASE_DDIT.MENU_BUTTON (ID,MENU_ID,BUTTON_ID,ORDERBY) values (26,32,1,1);
Insert into BASE_DDIT.MENU_BUTTON (ID,MENU_ID,BUTTON_ID,ORDERBY) values (27,32,2,2);
Insert into BASE_DDIT.MENU_BUTTON (ID,MENU_ID,BUTTON_ID,ORDERBY) values (28,32,3,3);
Insert into BASE_DDIT.MENU_BUTTON (ID,MENU_ID,BUTTON_ID,ORDERBY) values (36,4,1,1);
Insert into BASE_DDIT.MENU_BUTTON (ID,MENU_ID,BUTTON_ID,ORDERBY) values (37,4,2,2);
Insert into BASE_DDIT.MENU_BUTTON (ID,MENU_ID,BUTTON_ID,ORDERBY) values (38,4,11,3);
Insert into BASE_DDIT.MENU_BUTTON (ID,MENU_ID,BUTTON_ID,ORDERBY) values (39,4,10,4);
Insert into BASE_DDIT.MENU_BUTTON (ID,MENU_ID,BUTTON_ID,ORDERBY) values (10,33,1,1);
Insert into BASE_DDIT.MENU_BUTTON (ID,MENU_ID,BUTTON_ID,ORDERBY) values (11,33,2,2);
Insert into BASE_DDIT.MENU_BUTTON (ID,MENU_ID,BUTTON_ID,ORDERBY) values (12,33,3,3);
Insert into BASE_DDIT.MENU_BUTTON (ID,MENU_ID,BUTTON_ID,ORDERBY) values (13,33,4,4);
Insert into BASE_DDIT.MENU_BUTTON (ID,MENU_ID,BUTTON_ID,ORDERBY) values (50,43,1,1);
Insert into BASE_DDIT.MENU_BUTTON (ID,MENU_ID,BUTTON_ID,ORDERBY) values (51,43,2,2);
Insert into BASE_DDIT.MENU_BUTTON (ID,MENU_ID,BUTTON_ID,ORDERBY) values (52,43,3,3);
Insert into BASE_DDIT.MENU_BUTTON (ID,MENU_ID,BUTTON_ID,ORDERBY) values (53,5,9,1);
Insert into BASE_DDIT.MENU_BUTTON (ID,MENU_ID,BUTTON_ID,ORDERBY) values (54,5,10,2);
REM INSERTING into BASE_DDIT.ROLE
SET DEFINE OFF;
Insert into BASE_DDIT.ROLE (ROLE_ID,ROLE_NAME,ROLE_DESCRIPTION,CREATE_TIME,UPDATE_TIME) values (5,'客服管理员','客服的老大',to_date('31-5月 -17','DD-MON-RR'),null);
Insert into BASE_DDIT.ROLE (ROLE_ID,ROLE_NAME,ROLE_DESCRIPTION,CREATE_TIME,UPDATE_TIME) values (1,'管理员','超级管理员',to_date('03-3月 -16','DD-MON-RR'),null);
Insert into BASE_DDIT.ROLE (ROLE_ID,ROLE_NAME,ROLE_DESCRIPTION,CREATE_TIME,UPDATE_TIME) values (2,'操作员','处理申请单的',to_date('03-3月 -16','DD-MON-RR'),null);
Insert into BASE_DDIT.ROLE (ROLE_ID,ROLE_NAME,ROLE_DESCRIPTION,CREATE_TIME,UPDATE_TIME) values (3,'部门经理','管理者',to_date('04-3月 -16','DD-MON-RR'),null);
REM INSERTING into BASE_DDIT.ROLE_BUTTON
SET DEFINE OFF;
Insert into BASE_DDIT.ROLE_BUTTON (ID,ROLE_ID,MENU_ID,BUTTON_ID) values (152,3,4,1);
Insert into BASE_DDIT.ROLE_BUTTON (ID,ROLE_ID,MENU_ID,BUTTON_ID) values (153,3,4,2);
Insert into BASE_DDIT.ROLE_BUTTON (ID,ROLE_ID,MENU_ID,BUTTON_ID) values (154,3,4,11);
Insert into BASE_DDIT.ROLE_BUTTON (ID,ROLE_ID,MENU_ID,BUTTON_ID) values (174,1,4,1);
Insert into BASE_DDIT.ROLE_BUTTON (ID,ROLE_ID,MENU_ID,BUTTON_ID) values (175,1,4,2);
Insert into BASE_DDIT.ROLE_BUTTON (ID,ROLE_ID,MENU_ID,BUTTON_ID) values (176,1,4,11);
Insert into BASE_DDIT.ROLE_BUTTON (ID,ROLE_ID,MENU_ID,BUTTON_ID) values (177,1,4,10);
Insert into BASE_DDIT.ROLE_BUTTON (ID,ROLE_ID,MENU_ID,BUTTON_ID) values (155,3,4,10);
Insert into BASE_DDIT.ROLE_BUTTON (ID,ROLE_ID,MENU_ID,BUTTON_ID) values (178,1,33,1);
Insert into BASE_DDIT.ROLE_BUTTON (ID,ROLE_ID,MENU_ID,BUTTON_ID) values (179,1,33,2);
Insert into BASE_DDIT.ROLE_BUTTON (ID,ROLE_ID,MENU_ID,BUTTON_ID) values (180,1,33,3);
Insert into BASE_DDIT.ROLE_BUTTON (ID,ROLE_ID,MENU_ID,BUTTON_ID) values (181,1,33,4);
Insert into BASE_DDIT.ROLE_BUTTON (ID,ROLE_ID,MENU_ID,BUTTON_ID) values (173,2,46,1);
Insert into BASE_DDIT.ROLE_BUTTON (ID,ROLE_ID,MENU_ID,BUTTON_ID) values (182,1,46,7);
REM INSERTING into BASE_DDIT.ROLE_MENU
SET DEFINE OFF;
Insert into BASE_DDIT.ROLE_MENU (ROLEMENU_ID,ROLE_ID,MENU_ID) values (24,1,34);
Insert into BASE_DDIT.ROLE_MENU (ROLEMENU_ID,ROLE_ID,MENU_ID) values (14,3,4);
Insert into BASE_DDIT.ROLE_MENU (ROLEMENU_ID,ROLE_ID,MENU_ID) values (15,3,5);
Insert into BASE_DDIT.ROLE_MENU (ROLEMENU_ID,ROLE_ID,MENU_ID) values (4,1,8);
Insert into BASE_DDIT.ROLE_MENU (ROLEMENU_ID,ROLE_ID,MENU_ID) values (5,2,1);
Insert into BASE_DDIT.ROLE_MENU (ROLEMENU_ID,ROLE_ID,MENU_ID) values (6,2,4);
Insert into BASE_DDIT.ROLE_MENU (ROLEMENU_ID,ROLE_ID,MENU_ID) values (10,2,5);
Insert into BASE_DDIT.ROLE_MENU (ROLEMENU_ID,ROLE_ID,MENU_ID) values (16,3,9);
Insert into BASE_DDIT.ROLE_MENU (ROLEMENU_ID,ROLE_ID,MENU_ID) values (17,3,28);
Insert into BASE_DDIT.ROLE_MENU (ROLEMENU_ID,ROLE_ID,MENU_ID) values (18,3,30);
Insert into BASE_DDIT.ROLE_MENU (ROLEMENU_ID,ROLE_ID,MENU_ID) values (25,1,35);
Insert into BASE_DDIT.ROLE_MENU (ROLEMENU_ID,ROLE_ID,MENU_ID) values (22,1,4);
Insert into BASE_DDIT.ROLE_MENU (ROLEMENU_ID,ROLE_ID,MENU_ID) values (23,1,33);
Insert into BASE_DDIT.ROLE_MENU (ROLEMENU_ID,ROLE_ID,MENU_ID) values (26,1,36);
Insert into BASE_DDIT.ROLE_MENU (ROLEMENU_ID,ROLE_ID,MENU_ID) values (27,1,37);
Insert into BASE_DDIT.ROLE_MENU (ROLEMENU_ID,ROLE_ID,MENU_ID) values (28,1,38);
Insert into BASE_DDIT.ROLE_MENU (ROLEMENU_ID,ROLE_ID,MENU_ID) values (29,1,39);
Insert into BASE_DDIT.ROLE_MENU (ROLEMENU_ID,ROLE_ID,MENU_ID) values (30,1,40);
Insert into BASE_DDIT.ROLE_MENU (ROLEMENU_ID,ROLE_ID,MENU_ID) values (31,1,41);
Insert into BASE_DDIT.ROLE_MENU (ROLEMENU_ID,ROLE_ID,MENU_ID) values (32,1,42);
Insert into BASE_DDIT.ROLE_MENU (ROLEMENU_ID,ROLE_ID,MENU_ID) values (33,1,43);
Insert into BASE_DDIT.ROLE_MENU (ROLEMENU_ID,ROLE_ID,MENU_ID) values (34,1,1);
Insert into BASE_DDIT.ROLE_MENU (ROLEMENU_ID,ROLE_ID,MENU_ID) values (35,1,45);
Insert into BASE_DDIT.ROLE_MENU (ROLEMENU_ID,ROLE_ID,MENU_ID) values (36,1,46);
Insert into BASE_DDIT.ROLE_MENU (ROLEMENU_ID,ROLE_ID,MENU_ID) values (37,2,45);
Insert into BASE_DDIT.ROLE_MENU (ROLEMENU_ID,ROLE_ID,MENU_ID) values (38,2,46);
Insert into BASE_DDIT.ROLE_MENU (ROLEMENU_ID,ROLE_ID,MENU_ID) values (39,5,45);
Insert into BASE_DDIT.ROLE_MENU (ROLEMENU_ID,ROLE_ID,MENU_ID) values (40,5,46);
REM INSERTING into BASE_DDIT.SYSTEMINFO
SET DEFINE OFF;
REM INSERTING into BASE_DDIT.TEST
SET DEFINE OFF;
REM INSERTING into BASE_DDIT.USERINFOMATION
SET DEFINE OFF;
Insert into BASE_DDIT.USERINFOMATION (USER_ID,USER_NAME,USER_PASSWORD,USER_REALLYNAME,HEADPORTRAIT,DEPARTMENT_ID,ISENABLE,CREATE_TIME,UPDATE_TIME,REMARK) values (45,'niumo','123456','牛魔王111','20170531-u=1454003603,3098128463fm=11gp=0.jpg',1,0,to_date('31-5月 -17','DD-MON-RR'),to_date('31-5月 -17','DD-MON-RR'),'没有输出，单纯辅助');
Insert into BASE_DDIT.USERINFOMATION (USER_ID,USER_NAME,USER_PASSWORD,USER_REALLYNAME,HEADPORTRAIT,DEPARTMENT_ID,ISENABLE,CREATE_TIME,UPDATE_TIME,REMARK) values (1,'admin','123456','超级管理员','20160423heel.jpg',1,1,to_date('12-12月-16','DD-MON-RR'),to_date('12-12月-16','DD-MON-RR'),'好皇帝');
Insert into BASE_DDIT.USERINFOMATION (USER_ID,USER_NAME,USER_PASSWORD,USER_REALLYNAME,HEADPORTRAIT,DEPARTMENT_ID,ISENABLE,CREATE_TIME,UPDATE_TIME,REMARK) values (2,'admin1','123456','管理员1',null,1,1,to_date('14-3月 -16','DD-MON-RR'),to_date('14-3月 -16','DD-MON-RR'),'内阁总管');
Insert into BASE_DDIT.USERINFOMATION (USER_ID,USER_NAME,USER_PASSWORD,USER_REALLYNAME,HEADPORTRAIT,DEPARTMENT_ID,ISENABLE,CREATE_TIME,UPDATE_TIME,REMARK) values (3,'admin2','123456','管理员2',null,1,1,to_date('14-3月 -16','DD-MON-RR'),to_date('14-3月 -16','DD-MON-RR'),'内阁总管');
Insert into BASE_DDIT.USERINFOMATION (USER_ID,USER_NAME,USER_PASSWORD,USER_REALLYNAME,HEADPORTRAIT,DEPARTMENT_ID,ISENABLE,CREATE_TIME,UPDATE_TIME,REMARK) values (4,'admin3','123456','管理员3',null,1,1,to_date('14-3月 -16','DD-MON-RR'),to_date('14-3月 -16','DD-MON-RR'),'内阁总管');
Insert into BASE_DDIT.USERINFOMATION (USER_ID,USER_NAME,USER_PASSWORD,USER_REALLYNAME,HEADPORTRAIT,DEPARTMENT_ID,ISENABLE,CREATE_TIME,UPDATE_TIME,REMARK) values (5,'admin4','123456','管理员4',null,1,1,to_date('14-3月 -16','DD-MON-RR'),to_date('14-3月 -16','DD-MON-RR'),'内阁总管');
Insert into BASE_DDIT.USERINFOMATION (USER_ID,USER_NAME,USER_PASSWORD,USER_REALLYNAME,HEADPORTRAIT,DEPARTMENT_ID,ISENABLE,CREATE_TIME,UPDATE_TIME,REMARK) values (6,'admin5','123456','管理员5',null,1,1,to_date('14-3月 -16','DD-MON-RR'),to_date('14-3月 -16','DD-MON-RR'),'内阁总管');
Insert into BASE_DDIT.USERINFOMATION (USER_ID,USER_NAME,USER_PASSWORD,USER_REALLYNAME,HEADPORTRAIT,DEPARTMENT_ID,ISENABLE,CREATE_TIME,UPDATE_TIME,REMARK) values (7,'admin6','123456','管理员6',null,1,1,to_date('14-3月 -16','DD-MON-RR'),to_date('14-3月 -16','DD-MON-RR'),'内阁总管');
Insert into BASE_DDIT.USERINFOMATION (USER_ID,USER_NAME,USER_PASSWORD,USER_REALLYNAME,HEADPORTRAIT,DEPARTMENT_ID,ISENABLE,CREATE_TIME,UPDATE_TIME,REMARK) values (8,'admin7','123456','管理员7',null,1,1,to_date('14-3月 -16','DD-MON-RR'),to_date('14-3月 -16','DD-MON-RR'),'内阁总管');
Insert into BASE_DDIT.USERINFOMATION (USER_ID,USER_NAME,USER_PASSWORD,USER_REALLYNAME,HEADPORTRAIT,DEPARTMENT_ID,ISENABLE,CREATE_TIME,UPDATE_TIME,REMARK) values (9,'admin8','123456','管理员8',null,1,1,to_date('14-3月 -16','DD-MON-RR'),to_date('14-3月 -16','DD-MON-RR'),'内阁总管');
Insert into BASE_DDIT.USERINFOMATION (USER_ID,USER_NAME,USER_PASSWORD,USER_REALLYNAME,HEADPORTRAIT,DEPARTMENT_ID,ISENABLE,CREATE_TIME,UPDATE_TIME,REMARK) values (10,'admin9','123456','管理员9',null,1,1,to_date('14-3月 -16','DD-MON-RR'),to_date('14-3月 -16','DD-MON-RR'),'内阁总管');
Insert into BASE_DDIT.USERINFOMATION (USER_ID,USER_NAME,USER_PASSWORD,USER_REALLYNAME,HEADPORTRAIT,DEPARTMENT_ID,ISENABLE,CREATE_TIME,UPDATE_TIME,REMARK) values (11,'admin10','123456','管理员10',null,2,1,to_date('14-3月 -16','DD-MON-RR'),to_date('14-3月 -16','DD-MON-RR'),'内阁总管');
Insert into BASE_DDIT.USERINFOMATION (USER_ID,USER_NAME,USER_PASSWORD,USER_REALLYNAME,HEADPORTRAIT,DEPARTMENT_ID,ISENABLE,CREATE_TIME,UPDATE_TIME,REMARK) values (12,'admin11','123456','管理员11',null,2,1,to_date('14-3月 -16','DD-MON-RR'),to_date('14-3月 -16','DD-MON-RR'),'内阁总管');
Insert into BASE_DDIT.USERINFOMATION (USER_ID,USER_NAME,USER_PASSWORD,USER_REALLYNAME,HEADPORTRAIT,DEPARTMENT_ID,ISENABLE,CREATE_TIME,UPDATE_TIME,REMARK) values (13,'admin12','123456','管理员12',null,2,1,to_date('14-3月 -16','DD-MON-RR'),to_date('14-3月 -16','DD-MON-RR'),'内阁总管');
Insert into BASE_DDIT.USERINFOMATION (USER_ID,USER_NAME,USER_PASSWORD,USER_REALLYNAME,HEADPORTRAIT,DEPARTMENT_ID,ISENABLE,CREATE_TIME,UPDATE_TIME,REMARK) values (14,'admin13','123456','管理员13',null,1,1,to_date('14-3月 -16','DD-MON-RR'),to_date('14-3月 -16','DD-MON-RR'),'内阁总管');
Insert into BASE_DDIT.USERINFOMATION (USER_ID,USER_NAME,USER_PASSWORD,USER_REALLYNAME,HEADPORTRAIT,DEPARTMENT_ID,ISENABLE,CREATE_TIME,UPDATE_TIME,REMARK) values (15,'admin14','123456','管理员14',null,1,1,to_date('14-3月 -16','DD-MON-RR'),to_date('14-3月 -16','DD-MON-RR'),'内阁总管');
Insert into BASE_DDIT.USERINFOMATION (USER_ID,USER_NAME,USER_PASSWORD,USER_REALLYNAME,HEADPORTRAIT,DEPARTMENT_ID,ISENABLE,CREATE_TIME,UPDATE_TIME,REMARK) values (16,'admin15','123456','管理员15',null,1,1,to_date('14-3月 -16','DD-MON-RR'),to_date('14-3月 -16','DD-MON-RR'),'内阁总管');
Insert into BASE_DDIT.USERINFOMATION (USER_ID,USER_NAME,USER_PASSWORD,USER_REALLYNAME,HEADPORTRAIT,DEPARTMENT_ID,ISENABLE,CREATE_TIME,UPDATE_TIME,REMARK) values (17,'admin16','123456','管理员16',null,1,1,to_date('14-3月 -16','DD-MON-RR'),to_date('14-3月 -16','DD-MON-RR'),'内阁总管');
Insert into BASE_DDIT.USERINFOMATION (USER_ID,USER_NAME,USER_PASSWORD,USER_REALLYNAME,HEADPORTRAIT,DEPARTMENT_ID,ISENABLE,CREATE_TIME,UPDATE_TIME,REMARK) values (18,'moon1','123456','第五种族',null,2,0,to_date('14-3月 -16','DD-MON-RR'),to_date('06-5月 -16','DD-MON-RR'),null);
Insert into BASE_DDIT.USERINFOMATION (USER_ID,USER_NAME,USER_PASSWORD,USER_REALLYNAME,HEADPORTRAIT,DEPARTMENT_ID,ISENABLE,CREATE_TIME,UPDATE_TIME,REMARK) values (19,'admin18','123456','管理员18',null,1,0,to_date('14-3月 -16','DD-MON-RR'),to_date('14-3月 -16','DD-MON-RR'),'内阁总管');
Insert into BASE_DDIT.USERINFOMATION (USER_ID,USER_NAME,USER_PASSWORD,USER_REALLYNAME,HEADPORTRAIT,DEPARTMENT_ID,ISENABLE,CREATE_TIME,UPDATE_TIME,REMARK) values (20,'admin19','123456','管理员19',null,1,1,to_date('14-3月 -16','DD-MON-RR'),to_date('14-3月 -16','DD-MON-RR'),'内阁总管');
Insert into BASE_DDIT.USERINFOMATION (USER_ID,USER_NAME,USER_PASSWORD,USER_REALLYNAME,HEADPORTRAIT,DEPARTMENT_ID,ISENABLE,CREATE_TIME,UPDATE_TIME,REMARK) values (21,'admin20','123456','管理员20',null,1,1,to_date('14-3月 -16','DD-MON-RR'),to_date('14-3月 -16','DD-MON-RR'),'内阁总管');
Insert into BASE_DDIT.USERINFOMATION (USER_ID,USER_NAME,USER_PASSWORD,USER_REALLYNAME,HEADPORTRAIT,DEPARTMENT_ID,ISENABLE,CREATE_TIME,UPDATE_TIME,REMARK) values (22,'admin21','123456','管理员21',null,1,1,to_date('14-3月 -16','DD-MON-RR'),to_date('14-3月 -16','DD-MON-RR'),'内阁总管');
Insert into BASE_DDIT.USERINFOMATION (USER_ID,USER_NAME,USER_PASSWORD,USER_REALLYNAME,HEADPORTRAIT,DEPARTMENT_ID,ISENABLE,CREATE_TIME,UPDATE_TIME,REMARK) values (23,'admin22','123456','管理员22',null,1,1,to_date('14-3月 -16','DD-MON-RR'),to_date('14-3月 -16','DD-MON-RR'),'内阁总管');
Insert into BASE_DDIT.USERINFOMATION (USER_ID,USER_NAME,USER_PASSWORD,USER_REALLYNAME,HEADPORTRAIT,DEPARTMENT_ID,ISENABLE,CREATE_TIME,UPDATE_TIME,REMARK) values (24,'admin23','123456','管理员23',null,1,1,to_date('14-3月 -16','DD-MON-RR'),to_date('14-3月 -16','DD-MON-RR'),'内阁总管');
Insert into BASE_DDIT.USERINFOMATION (USER_ID,USER_NAME,USER_PASSWORD,USER_REALLYNAME,HEADPORTRAIT,DEPARTMENT_ID,ISENABLE,CREATE_TIME,UPDATE_TIME,REMARK) values (25,'admin24','123456','管理员24',null,1,1,to_date('14-3月 -16','DD-MON-RR'),to_date('14-3月 -16','DD-MON-RR'),'内阁总管');
Insert into BASE_DDIT.USERINFOMATION (USER_ID,USER_NAME,USER_PASSWORD,USER_REALLYNAME,HEADPORTRAIT,DEPARTMENT_ID,ISENABLE,CREATE_TIME,UPDATE_TIME,REMARK) values (26,'admin25','123456','管理员25',null,1,1,to_date('14-3月 -16','DD-MON-RR'),to_date('14-3月 -16','DD-MON-RR'),'内阁总管');
Insert into BASE_DDIT.USERINFOMATION (USER_ID,USER_NAME,USER_PASSWORD,USER_REALLYNAME,HEADPORTRAIT,DEPARTMENT_ID,ISENABLE,CREATE_TIME,UPDATE_TIME,REMARK) values (27,'whywhy898','123456','小红红',null,1,1,to_date('16-3月 -16','DD-MON-RR'),null,'也许吧');
Insert into BASE_DDIT.USERINFOMATION (USER_ID,USER_NAME,USER_PASSWORD,USER_REALLYNAME,HEADPORTRAIT,DEPARTMENT_ID,ISENABLE,CREATE_TIME,UPDATE_TIME,REMARK) values (28,'whywhy999','123456','小绿绿',null,1,0,to_date('16-3月 -16','DD-MON-RR'),null,'你好');
Insert into BASE_DDIT.USERINFOMATION (USER_ID,USER_NAME,USER_PASSWORD,USER_REALLYNAME,HEADPORTRAIT,DEPARTMENT_ID,ISENABLE,CREATE_TIME,UPDATE_TIME,REMARK) values (29,'laoWang','123456','老王',null,2,1,to_date('16-3月 -16','DD-MON-RR'),to_date('14-4月 -16','DD-MON-RR'),'老虎来了');
Insert into BASE_DDIT.USERINFOMATION (USER_ID,USER_NAME,USER_PASSWORD,USER_REALLYNAME,HEADPORTRAIT,DEPARTMENT_ID,ISENABLE,CREATE_TIME,UPDATE_TIME,REMARK) values (30,'xiaoniu','123456','大妞',null,1,1,to_date('17-3月 -16','DD-MON-RR'),to_date('17-3月 -16','DD-MON-RR'),'这是我的大妞谁都别动！~');
Insert into BASE_DDIT.USERINFOMATION (USER_ID,USER_NAME,USER_PASSWORD,USER_REALLYNAME,HEADPORTRAIT,DEPARTMENT_ID,ISENABLE,CREATE_TIME,UPDATE_TIME,REMARK) values (31,'nana','123456','娜就是神','20160423-nana.jpg',1,0,to_date('15-4月 -16','DD-MON-RR'),to_date('23-4月 -16','DD-MON-RR'),'我去恶趣味');
Insert into BASE_DDIT.USERINFOMATION (USER_ID,USER_NAME,USER_PASSWORD,USER_REALLYNAME,HEADPORTRAIT,DEPARTMENT_ID,ISENABLE,CREATE_TIME,UPDATE_TIME,REMARK) values (32,'jimi','123456','吉米1','20160423-fd7bc8df93a2c6b56cd328e7b968c6f9.jpg',2,1,to_date('23-4月 -16','DD-MON-RR'),to_date('23-4月 -16','DD-MON-RR'),'吉米小子里面的主角');
Insert into BASE_DDIT.USERINFOMATION (USER_ID,USER_NAME,USER_PASSWORD,USER_REALLYNAME,HEADPORTRAIT,DEPARTMENT_ID,ISENABLE,CREATE_TIME,UPDATE_TIME,REMARK) values (33,'Envrioment','123456','环境',' ',2,0,to_date('06-5月 -16','DD-MON-RR'),null,null);
Insert into BASE_DDIT.USERINFOMATION (USER_ID,USER_NAME,USER_PASSWORD,USER_REALLYNAME,HEADPORTRAIT,DEPARTMENT_ID,ISENABLE,CREATE_TIME,UPDATE_TIME,REMARK) values (34,'sky','123123','天王',' ',2,0,to_date('06-5月 -16','DD-MON-RR'),null,null);
Insert into BASE_DDIT.USERINFOMATION (USER_ID,USER_NAME,USER_PASSWORD,USER_REALLYNAME,HEADPORTRAIT,DEPARTMENT_ID,ISENABLE,CREATE_TIME,UPDATE_TIME,REMARK) values (35,'why778','123456','小杰',' ',3,1,to_date('07-4月 -17','DD-MON-RR'),null,'只是个天才');
Insert into BASE_DDIT.USERINFOMATION (USER_ID,USER_NAME,USER_PASSWORD,USER_REALLYNAME,HEADPORTRAIT,DEPARTMENT_ID,ISENABLE,CREATE_TIME,UPDATE_TIME,REMARK) values (36,'layer1','123456','弹出层','20170425-u=2264996490,553047999&fm=23&gp=0.jpg',3,1,to_date('25-4月 -17','DD-MON-RR'),to_date('10-5月 -17','DD-MON-RR'),'第一次请求');
Insert into BASE_DDIT.USERINFOMATION (USER_ID,USER_NAME,USER_PASSWORD,USER_REALLYNAME,HEADPORTRAIT,DEPARTMENT_ID,ISENABLE,CREATE_TIME,UPDATE_TIME,REMARK) values (37,'layer2','123456','弹出层2','20170425-u=1278896632,2852512441&fm=11&gp=0.jpg',3,1,to_date('25-4月 -17','DD-MON-RR'),null,'123123123123');
Insert into BASE_DDIT.USERINFOMATION (USER_ID,USER_NAME,USER_PASSWORD,USER_REALLYNAME,HEADPORTRAIT,DEPARTMENT_ID,ISENABLE,CREATE_TIME,UPDATE_TIME,REMARK) values (38,'layer3','123456','adawd',' ',3,0,to_date('25-4月 -17','DD-MON-RR'),null,null);
Insert into BASE_DDIT.USERINFOMATION (USER_ID,USER_NAME,USER_PASSWORD,USER_REALLYNAME,HEADPORTRAIT,DEPARTMENT_ID,ISENABLE,CREATE_TIME,UPDATE_TIME,REMARK) values (39,'layer4','123456','小鳄鱼1','20170426-u=1628747648,1114534703fm=23gp=0.jpg',3,0,to_date('26-4月 -17','DD-MON-RR'),to_date('26-4月 -17','DD-MON-RR'),'我是一只鳄鱼王1');
Insert into BASE_DDIT.USERINFOMATION (USER_ID,USER_NAME,USER_PASSWORD,USER_REALLYNAME,HEADPORTRAIT,DEPARTMENT_ID,ISENABLE,CREATE_TIME,UPDATE_TIME,REMARK) values (40,'layer5','123456','关羽','20170426-u=3022300017,1716944448fm=11gp=0.jpg.png',3,0,to_date('26-4月 -17','DD-MON-RR'),to_date('11-5月 -17','DD-MON-RR'),'阿斯达是大势');
Insert into BASE_DDIT.USERINFOMATION (USER_ID,USER_NAME,USER_PASSWORD,USER_REALLYNAME,HEADPORTRAIT,DEPARTMENT_ID,ISENABLE,CREATE_TIME,UPDATE_TIME,REMARK) values (41,'liubang','123456','刘邦101','20170512-u=2264996490,553047999fm=23gp=0.jpg',1,0,to_date('12-5月 -17','DD-MON-RR'),to_date('12-5月 -17','DD-MON-RR'),'刘邦牛逼');
Insert into BASE_DDIT.USERINFOMATION (USER_ID,USER_NAME,USER_PASSWORD,USER_REALLYNAME,HEADPORTRAIT,DEPARTMENT_ID,ISENABLE,CREATE_TIME,UPDATE_TIME,REMARK) values (42,'NONGYAO','123456','农药',null,1,1,to_date('30-5月 -17','DD-MON-RR'),null,null);
Insert into BASE_DDIT.USERINFOMATION (USER_ID,USER_NAME,USER_PASSWORD,USER_REALLYNAME,HEADPORTRAIT,DEPARTMENT_ID,ISENABLE,CREATE_TIME,UPDATE_TIME,REMARK) values (43,'NONGYAO','123456','农药',null,1,1,to_date('30-5月 -17','DD-MON-RR'),null,null);
Insert into BASE_DDIT.USERINFOMATION (USER_ID,USER_NAME,USER_PASSWORD,USER_REALLYNAME,HEADPORTRAIT,DEPARTMENT_ID,ISENABLE,CREATE_TIME,UPDATE_TIME,REMARK) values (44,'NONGYAO','123456','农药',null,1,1,to_date('30-5月 -17','DD-MON-RR'),null,null);
REM INSERTING into BASE_DDIT.USER_ROLE
SET DEFINE OFF;
Insert into BASE_DDIT.USER_ROLE (ID,USER_ID,ROLE_ID) values (33,31,2);
Insert into BASE_DDIT.USER_ROLE (ID,USER_ID,ROLE_ID) values (28,1,2);
Insert into BASE_DDIT.USER_ROLE (ID,USER_ID,ROLE_ID) values (29,1,3);
Insert into BASE_DDIT.USER_ROLE (ID,USER_ID,ROLE_ID) values (30,30,2);
Insert into BASE_DDIT.USER_ROLE (ID,USER_ID,ROLE_ID) values (31,30,3);
Insert into BASE_DDIT.USER_ROLE (ID,USER_ID,ROLE_ID) values (34,31,3);
Insert into BASE_DDIT.USER_ROLE (ID,USER_ID,ROLE_ID) values (32,1,1);
Insert into BASE_DDIT.USER_ROLE (ID,USER_ID,ROLE_ID) values (35,40,1);
Insert into BASE_DDIT.USER_ROLE (ID,USER_ID,ROLE_ID) values (36,39,1);
Insert into BASE_DDIT.USER_ROLE (ID,USER_ID,ROLE_ID) values (41,41,3);
Insert into BASE_DDIT.USER_ROLE (ID,USER_ID,ROLE_ID) values (39,38,1);
Insert into BASE_DDIT.USER_ROLE (ID,USER_ID,ROLE_ID) values (40,38,2);
Insert into BASE_DDIT.USER_ROLE (ID,USER_ID,ROLE_ID) values (42,45,2);
--------------------------------------------------------
--  DDL for Index USER__PK
--------------------------------------------------------

  CREATE UNIQUE INDEX "BASE_DDIT"."USER__PK" ON "BASE_DDIT"."USERINFOMATION" ("USER_ID") 
  PCTFREE 10 INITRANS 2 MAXTRANS 255 COMPUTE STATISTICS 
  STORAGE(INITIAL 65536 NEXT 1048576 MINEXTENTS 1 MAXEXTENTS 2147483645
  PCTINCREASE 0 FREELISTS 1 FREELIST GROUPS 1 BUFFER_POOL DEFAULT)
  TABLESPACE "USERS" ;
--------------------------------------------------------
--  Constraints for Table BUTTON
--------------------------------------------------------

  ALTER TABLE "BASE_DDIT"."BUTTON" MODIFY ("BUTTON_ID" NOT NULL ENABLE);
 
  ALTER TABLE "BASE_DDIT"."BUTTON" MODIFY ("BUTTON_NAME" NOT NULL ENABLE);
--------------------------------------------------------
--  Constraints for Table DICTIONARY
--------------------------------------------------------

  ALTER TABLE "BASE_DDIT"."DICTIONARY" MODIFY ("ID" NOT NULL ENABLE);
 
  ALTER TABLE "BASE_DDIT"."DICTIONARY" MODIFY ("DICCATEGORYID" NOT NULL ENABLE);
 
  ALTER TABLE "BASE_DDIT"."DICTIONARY" MODIFY ("DICVALUE" NOT NULL ENABLE);
 
  ALTER TABLE "BASE_DDIT"."DICTIONARY" MODIFY ("ENABLED" NOT NULL ENABLE);
 
  ALTER TABLE "BASE_DDIT"."DICTIONARY" MODIFY ("CREATE_TIME" NOT NULL ENABLE);
--------------------------------------------------------
--  Constraints for Table DICTIONARYCATEGORY
--------------------------------------------------------

  ALTER TABLE "BASE_DDIT"."DICTIONARYCATEGORY" MODIFY ("ID" NOT NULL ENABLE);
 
  ALTER TABLE "BASE_DDIT"."DICTIONARYCATEGORY" MODIFY ("CATEGORY" NOT NULL ENABLE);
 
  ALTER TABLE "BASE_DDIT"."DICTIONARYCATEGORY" MODIFY ("ENABLED" NOT NULL ENABLE);
 
  ALTER TABLE "BASE_DDIT"."DICTIONARYCATEGORY" MODIFY ("CREATE_TIME" NOT NULL ENABLE);
--------------------------------------------------------
--  Constraints for Table LOGINLOG
--------------------------------------------------------

  ALTER TABLE "BASE_DDIT"."LOGINLOG" MODIFY ("LOGIN_ID" NOT NULL ENABLE);
 
  ALTER TABLE "BASE_DDIT"."LOGINLOG" MODIFY ("LOGIN_NAME" NOT NULL ENABLE);
 
  ALTER TABLE "BASE_DDIT"."LOGINLOG" MODIFY ("LOGIN_NICKER" NOT NULL ENABLE);
 
  ALTER TABLE "BASE_DDIT"."LOGINLOG" MODIFY ("LOGIN_IP" NOT NULL ENABLE);
 
  ALTER TABLE "BASE_DDIT"."LOGINLOG" MODIFY ("LOGIN_TIME" NOT NULL ENABLE);
--------------------------------------------------------
--  Constraints for Table MENU
--------------------------------------------------------

  ALTER TABLE "BASE_DDIT"."MENU" MODIFY ("MENU_ID" NOT NULL ENABLE);
 
  ALTER TABLE "BASE_DDIT"."MENU" MODIFY ("MENU_NAME" NOT NULL ENABLE);
 
  ALTER TABLE "BASE_DDIT"."MENU" MODIFY ("MENU_ORDER" NOT NULL ENABLE);
--------------------------------------------------------
--  Constraints for Table MENU_BUTTON
--------------------------------------------------------

  ALTER TABLE "BASE_DDIT"."MENU_BUTTON" MODIFY ("ID" NOT NULL ENABLE);
--------------------------------------------------------
--  Constraints for Table ROLE
--------------------------------------------------------

  ALTER TABLE "BASE_DDIT"."ROLE" MODIFY ("ROLE_ID" NOT NULL ENABLE);
 
  ALTER TABLE "BASE_DDIT"."ROLE" MODIFY ("ROLE_NAME" NOT NULL ENABLE);
 
  ALTER TABLE "BASE_DDIT"."ROLE" MODIFY ("CREATE_TIME" NOT NULL ENABLE);
--------------------------------------------------------
--  Constraints for Table ROLE_BUTTON
--------------------------------------------------------

  ALTER TABLE "BASE_DDIT"."ROLE_BUTTON" MODIFY ("ID" NOT NULL ENABLE);
--------------------------------------------------------
--  Constraints for Table ROLE_MENU
--------------------------------------------------------

  ALTER TABLE "BASE_DDIT"."ROLE_MENU" MODIFY ("ROLEMENU_ID" NOT NULL ENABLE);
 
  ALTER TABLE "BASE_DDIT"."ROLE_MENU" MODIFY ("ROLE_ID" NOT NULL ENABLE);
 
  ALTER TABLE "BASE_DDIT"."ROLE_MENU" MODIFY ("MENU_ID" NOT NULL ENABLE);
--------------------------------------------------------
--  Constraints for Table SYSTEMINFO
--------------------------------------------------------

  ALTER TABLE "BASE_DDIT"."SYSTEMINFO" MODIFY ("SYSTEM_ID" NOT NULL ENABLE);
--------------------------------------------------------
--  Constraints for Table TEST
--------------------------------------------------------

  ALTER TABLE "BASE_DDIT"."TEST" MODIFY ("ID" NOT NULL ENABLE);
--------------------------------------------------------
--  Constraints for Table USERINFOMATION
--------------------------------------------------------

  ALTER TABLE "BASE_DDIT"."USERINFOMATION" MODIFY ("USER_ID" NOT NULL ENABLE);
 
  ALTER TABLE "BASE_DDIT"."USERINFOMATION" MODIFY ("USER_NAME" NOT NULL ENABLE);
 
  ALTER TABLE "BASE_DDIT"."USERINFOMATION" MODIFY ("USER_PASSWORD" NOT NULL ENABLE);
 
  ALTER TABLE "BASE_DDIT"."USERINFOMATION" MODIFY ("USER_REALLYNAME" NOT NULL ENABLE);
 
  ALTER TABLE "BASE_DDIT"."USERINFOMATION" MODIFY ("DEPARTMENT_ID" NOT NULL ENABLE);
 
  ALTER TABLE "BASE_DDIT"."USERINFOMATION" MODIFY ("ISENABLE" NOT NULL ENABLE);
 
  ALTER TABLE "BASE_DDIT"."USERINFOMATION" MODIFY ("CREATE_TIME" NOT NULL ENABLE);
 
  ALTER TABLE "BASE_DDIT"."USERINFOMATION" ADD CONSTRAINT "USER__PK" PRIMARY KEY ("USER_ID")
  USING INDEX PCTFREE 10 INITRANS 2 MAXTRANS 255 COMPUTE STATISTICS 
  STORAGE(INITIAL 65536 NEXT 1048576 MINEXTENTS 1 MAXEXTENTS 2147483645
  PCTINCREASE 0 FREELISTS 1 FREELIST GROUPS 1 BUFFER_POOL DEFAULT)
  TABLESPACE "USERS"  ENABLE;
--------------------------------------------------------
--  Constraints for Table USER_ROLE
--------------------------------------------------------

  ALTER TABLE "BASE_DDIT"."USER_ROLE" MODIFY ("ID" NOT NULL ENABLE);
 
  ALTER TABLE "BASE_DDIT"."USER_ROLE" MODIFY ("USER_ID" NOT NULL ENABLE);
 
  ALTER TABLE "BASE_DDIT"."USER_ROLE" MODIFY ("ROLE_ID" NOT NULL ENABLE);
--------------------------------------------------------
--  DDL for Trigger BUTTON_BUTTON_ID_TRG
--------------------------------------------------------

  CREATE OR REPLACE TRIGGER "BASE_DDIT"."BUTTON_BUTTON_ID_TRG" BEFORE INSERT ON Button
FOR EACH ROW
DECLARE 
v_newVal NUMBER(12) := 0;
v_incval NUMBER(12) := 0;
BEGIN
  IF INSERTING AND :new.Button_ID IS NULL THEN
    SELECT  Button_Button_ID_SEQ.NEXTVAL INTO v_newVal FROM DUAL;
    -- If this is the first time this table have been inserted into (sequence == 1)
    IF v_newVal = 1 THEN 
      --get the max indentity value from the table
      SELECT NVL(max(Button_ID),0) INTO v_newVal FROM Button;
      v_newVal := v_newVal + 1;
      --set the sequence to that value
      LOOP
           EXIT WHEN v_incval>=v_newVal;
           SELECT Button_Button_ID_SEQ.nextval INTO v_incval FROM dual;
      END LOOP;
    END IF;
  -- save this to emulate @@identity
  utils.identity_value := v_newVal; 
   -- assign the value from the sequence to emulate the identity column
   :new.Button_ID := v_newVal;
  END IF;
END;
/
ALTER TRIGGER "BASE_DDIT"."BUTTON_BUTTON_ID_TRG" ENABLE;
--------------------------------------------------------
--  DDL for Trigger DICTIONARY_ID_TRG
--------------------------------------------------------

  CREATE OR REPLACE TRIGGER "BASE_DDIT"."DICTIONARY_ID_TRG" BEFORE INSERT ON Dictionary
FOR EACH ROW
DECLARE 
v_newVal NUMBER(12) := 0;
v_incval NUMBER(12) := 0;
BEGIN
  IF INSERTING AND :new.ID IS NULL THEN
    SELECT  Dictionary_ID_SEQ.NEXTVAL INTO v_newVal FROM DUAL;
    -- If this is the first time this table have been inserted into (sequence == 1)
    IF v_newVal = 1 THEN 
      --get the max indentity value from the table
      SELECT NVL(max(ID),0) INTO v_newVal FROM Dictionary;
      v_newVal := v_newVal + 1;
      --set the sequence to that value
      LOOP
           EXIT WHEN v_incval>=v_newVal;
           SELECT Dictionary_ID_SEQ.nextval INTO v_incval FROM dual;
      END LOOP;
    END IF;
  -- save this to emulate @@identity
  utils.identity_value := v_newVal; 
   -- assign the value from the sequence to emulate the identity column
   :new.ID := v_newVal;
  END IF;
END;
/
ALTER TRIGGER "BASE_DDIT"."DICTIONARY_ID_TRG" ENABLE;
--------------------------------------------------------
--  DDL for Trigger DICTIONARYCATEGORY_ID_TRG
--------------------------------------------------------

  CREATE OR REPLACE TRIGGER "BASE_DDIT"."DICTIONARYCATEGORY_ID_TRG" BEFORE INSERT ON DictionaryCategory
FOR EACH ROW
DECLARE 
v_newVal NUMBER(12) := 0;
v_incval NUMBER(12) := 0;
BEGIN
  IF INSERTING AND :new.ID IS NULL THEN
    SELECT  DictionaryCategory_ID_SEQ.NEXTVAL INTO v_newVal FROM DUAL;
    -- If this is the first time this table have been inserted into (sequence == 1)
    IF v_newVal = 1 THEN 
      --get the max indentity value from the table
      SELECT NVL(max(ID),0) INTO v_newVal FROM DictionaryCategory;
      v_newVal := v_newVal + 1;
      --set the sequence to that value
      LOOP
           EXIT WHEN v_incval>=v_newVal;
           SELECT DictionaryCategory_ID_SEQ.nextval INTO v_incval FROM dual;
      END LOOP;
    END IF;
  -- save this to emulate @@identity
  utils.identity_value := v_newVal; 
   -- assign the value from the sequence to emulate the identity column
   :new.ID := v_newVal;
  END IF;
END;
/
ALTER TRIGGER "BASE_DDIT"."DICTIONARYCATEGORY_ID_TRG" ENABLE;
--------------------------------------------------------
--  DDL for Trigger LOGINLOG_LOGIN_ID_TRG
--------------------------------------------------------

  CREATE OR REPLACE TRIGGER "BASE_DDIT"."LOGINLOG_LOGIN_ID_TRG" BEFORE INSERT ON LoginLog
FOR EACH ROW
DECLARE 
v_newVal NUMBER(12) := 0;
v_incval NUMBER(12) := 0;
BEGIN
  IF INSERTING AND :new.Login_ID IS NULL THEN
    SELECT  LoginLog_Login_ID_SEQ.NEXTVAL INTO v_newVal FROM DUAL;
    -- If this is the first time this table have been inserted into (sequence == 1)
    IF v_newVal = 1 THEN 
      --get the max indentity value from the table
      SELECT NVL(max(Login_ID),0) INTO v_newVal FROM LoginLog;
      v_newVal := v_newVal + 1;
      --set the sequence to that value
      LOOP
           EXIT WHEN v_incval>=v_newVal;
           SELECT LoginLog_Login_ID_SEQ.nextval INTO v_incval FROM dual;
      END LOOP;
    END IF;
  -- save this to emulate @@identity
  utils.identity_value := v_newVal; 
   -- assign the value from the sequence to emulate the identity column
   :new.Login_ID := v_newVal;
  END IF;
END;
/
ALTER TRIGGER "BASE_DDIT"."LOGINLOG_LOGIN_ID_TRG" ENABLE;
--------------------------------------------------------
--  DDL for Trigger MENU_MENU_ID_TRG
--------------------------------------------------------

  CREATE OR REPLACE TRIGGER "BASE_DDIT"."MENU_MENU_ID_TRG" BEFORE INSERT ON Menu
FOR EACH ROW
DECLARE 
v_newVal NUMBER(12) := 0;
v_incval NUMBER(12) := 0;
BEGIN
  IF INSERTING AND :new.Menu_ID IS NULL THEN
    SELECT  Menu_Menu_ID_SEQ.NEXTVAL INTO v_newVal FROM DUAL;
    -- If this is the first time this table have been inserted into (sequence == 1)
    IF v_newVal = 1 THEN 
      --get the max indentity value from the table
      SELECT NVL(max(Menu_ID),0) INTO v_newVal FROM Menu;
      v_newVal := v_newVal + 1;
      --set the sequence to that value
      LOOP
           EXIT WHEN v_incval>=v_newVal;
           SELECT Menu_Menu_ID_SEQ.nextval INTO v_incval FROM dual;
      END LOOP;
    END IF;
  -- save this to emulate @@identity
  utils.identity_value := v_newVal; 
   -- assign the value from the sequence to emulate the identity column
   :new.Menu_ID := v_newVal;
  END IF;
END;
/
ALTER TRIGGER "BASE_DDIT"."MENU_MENU_ID_TRG" ENABLE;
--------------------------------------------------------
--  DDL for Trigger MENU_BUTTON_ID_TRG
--------------------------------------------------------

  CREATE OR REPLACE TRIGGER "BASE_DDIT"."MENU_BUTTON_ID_TRG" BEFORE INSERT ON Menu_Button
FOR EACH ROW
DECLARE 
v_newVal NUMBER(12) := 0;
v_incval NUMBER(12) := 0;
BEGIN
  IF INSERTING AND :new.ID IS NULL THEN
    SELECT  Menu_Button_ID_SEQ.NEXTVAL INTO v_newVal FROM DUAL;
    -- If this is the first time this table have been inserted into (sequence == 1)
    IF v_newVal = 1 THEN 
      --get the max indentity value from the table
      SELECT NVL(max(ID),0) INTO v_newVal FROM Menu_Button;
      v_newVal := v_newVal + 1;
      --set the sequence to that value
      LOOP
           EXIT WHEN v_incval>=v_newVal;
           SELECT Menu_Button_ID_SEQ.nextval INTO v_incval FROM dual;
      END LOOP;
    END IF;
  -- save this to emulate @@identity
  utils.identity_value := v_newVal; 
   -- assign the value from the sequence to emulate the identity column
   :new.ID := v_newVal;
  END IF;
END;
/
ALTER TRIGGER "BASE_DDIT"."MENU_BUTTON_ID_TRG" ENABLE;
--------------------------------------------------------
--  DDL for Trigger ROLE_ROLE_ID_TRG
--------------------------------------------------------

  CREATE OR REPLACE TRIGGER "BASE_DDIT"."ROLE_ROLE_ID_TRG" BEFORE INSERT ON Role
FOR EACH ROW
DECLARE 
v_newVal NUMBER(12) := 0;
v_incval NUMBER(12) := 0;
BEGIN
  IF INSERTING AND :new.Role_ID IS NULL THEN
    SELECT  Role_Role_ID_SEQ.NEXTVAL INTO v_newVal FROM DUAL;
    -- If this is the first time this table have been inserted into (sequence == 1)
    IF v_newVal = 1 THEN 
      --get the max indentity value from the table
      SELECT NVL(max(Role_ID),0) INTO v_newVal FROM Role;
      v_newVal := v_newVal + 1;
      --set the sequence to that value
      LOOP
           EXIT WHEN v_incval>=v_newVal;
           SELECT Role_Role_ID_SEQ.nextval INTO v_incval FROM dual;
      END LOOP;
    END IF;
  -- save this to emulate @@identity
  utils.identity_value := v_newVal; 
   -- assign the value from the sequence to emulate the identity column
   :new.Role_ID := v_newVal;
  END IF;
END;
/
ALTER TRIGGER "BASE_DDIT"."ROLE_ROLE_ID_TRG" ENABLE;
--------------------------------------------------------
--  DDL for Trigger ROLE_BUTTON_ID_TRG
--------------------------------------------------------

  CREATE OR REPLACE TRIGGER "BASE_DDIT"."ROLE_BUTTON_ID_TRG" BEFORE INSERT ON Role_Button
FOR EACH ROW
DECLARE 
v_newVal NUMBER(12) := 0;
v_incval NUMBER(12) := 0;
BEGIN
  IF INSERTING AND :new.ID IS NULL THEN
    SELECT  Role_Button_ID_SEQ.NEXTVAL INTO v_newVal FROM DUAL;
    -- If this is the first time this table have been inserted into (sequence == 1)
    IF v_newVal = 1 THEN 
      --get the max indentity value from the table
      SELECT NVL(max(ID),0) INTO v_newVal FROM Role_Button;
      v_newVal := v_newVal + 1;
      --set the sequence to that value
      LOOP
           EXIT WHEN v_incval>=v_newVal;
           SELECT Role_Button_ID_SEQ.nextval INTO v_incval FROM dual;
      END LOOP;
    END IF;
  -- save this to emulate @@identity
  utils.identity_value := v_newVal; 
   -- assign the value from the sequence to emulate the identity column
   :new.ID := v_newVal;
  END IF;
END;
/
ALTER TRIGGER "BASE_DDIT"."ROLE_BUTTON_ID_TRG" ENABLE;
--------------------------------------------------------
--  DDL for Trigger ROLE_MENU_ROLEMENU_ID_TRG
--------------------------------------------------------

  CREATE OR REPLACE TRIGGER "BASE_DDIT"."ROLE_MENU_ROLEMENU_ID_TRG" BEFORE INSERT ON Role_Menu
FOR EACH ROW
DECLARE 
v_newVal NUMBER(12) := 0;
v_incval NUMBER(12) := 0;
BEGIN
  IF INSERTING AND :new.RoleMenu_ID IS NULL THEN
    SELECT  Role_Menu_RoleMenu_ID_SEQ.NEXTVAL INTO v_newVal FROM DUAL;
    -- If this is the first time this table have been inserted into (sequence == 1)
    IF v_newVal = 1 THEN 
      --get the max indentity value from the table
      SELECT NVL(max(RoleMenu_ID),0) INTO v_newVal FROM Role_Menu;
      v_newVal := v_newVal + 1;
      --set the sequence to that value
      LOOP
           EXIT WHEN v_incval>=v_newVal;
           SELECT Role_Menu_RoleMenu_ID_SEQ.nextval INTO v_incval FROM dual;
      END LOOP;
    END IF;
  -- save this to emulate @@identity
  utils.identity_value := v_newVal; 
   -- assign the value from the sequence to emulate the identity column
   :new.RoleMenu_ID := v_newVal;
  END IF;
END;
/
ALTER TRIGGER "BASE_DDIT"."ROLE_MENU_ROLEMENU_ID_TRG" ENABLE;
--------------------------------------------------------
--  DDL for Trigger SYSTEMINFO_SYSTEM_ID_TRG
--------------------------------------------------------

  CREATE OR REPLACE TRIGGER "BASE_DDIT"."SYSTEMINFO_SYSTEM_ID_TRG" BEFORE INSERT ON SystemInfo
FOR EACH ROW
DECLARE 
v_newVal NUMBER(12) := 0;
v_incval NUMBER(12) := 0;
BEGIN
  IF INSERTING AND :new.System_ID IS NULL THEN
    SELECT  SystemInfo_System_ID_SEQ.NEXTVAL INTO v_newVal FROM DUAL;
    -- If this is the first time this table have been inserted into (sequence == 1)
    IF v_newVal = 1 THEN 
      --get the max indentity value from the table
      SELECT NVL(max(System_ID),0) INTO v_newVal FROM SystemInfo;
      v_newVal := v_newVal + 1;
      --set the sequence to that value
      LOOP
           EXIT WHEN v_incval>=v_newVal;
           SELECT SystemInfo_System_ID_SEQ.nextval INTO v_incval FROM dual;
      END LOOP;
    END IF;
  -- save this to emulate @@identity
  utils.identity_value := v_newVal; 
   -- assign the value from the sequence to emulate the identity column
   :new.System_ID := v_newVal;
  END IF;
END;
/
ALTER TRIGGER "BASE_DDIT"."SYSTEMINFO_SYSTEM_ID_TRG" ENABLE;
--------------------------------------------------------
--  DDL for Trigger USER__USER_ID_TRG
--------------------------------------------------------

  CREATE OR REPLACE TRIGGER "BASE_DDIT"."USER__USER_ID_TRG" BEFORE INSERT ON USERINFOMATION
FOR EACH ROW
DECLARE 
v_newVal NUMBER(12) := 0;
v_incval NUMBER(12) := 0;
BEGIN
  IF INSERTING AND :new.User_ID IS NULL THEN
    SELECT  User__User_ID_SEQ.NEXTVAL INTO v_newVal FROM DUAL;
    -- If this is the first time this table have been inserted into (sequence == 1)
    IF v_newVal = 1 THEN 
      --get the max indentity value from the table
      SELECT NVL(max(User_ID),0) INTO v_newVal FROM User_;
      v_newVal := v_newVal + 1;
      --set the sequence to that value
      LOOP
           EXIT WHEN v_incval>=v_newVal;
           SELECT User__User_ID_SEQ.nextval INTO v_incval FROM dual;
      END LOOP;
    END IF;
  -- save this to emulate @@identity
  utils.identity_value := v_newVal; 
   -- assign the value from the sequence to emulate the identity column
   :new.User_ID := v_newVal;
  END IF;
END;
/
ALTER TRIGGER "BASE_DDIT"."USER__USER_ID_TRG" ENABLE;
--------------------------------------------------------
--  DDL for Trigger TG_AUTOINCREMENT
--------------------------------------------------------

  CREATE OR REPLACE TRIGGER "BASE_DDIT"."TG_AUTOINCREMENT" 
BEFORE INSERT ON USERINFOMATION FOR EACH ROW  WHEN (new.USER_ID is null) begin
select AUTOINCREMENT.nextval into:new.USER_ID from dual;
end;
/
ALTER TRIGGER "BASE_DDIT"."TG_AUTOINCREMENT" ENABLE;
--------------------------------------------------------
--  DDL for Trigger USER_ROLE_ID_TRG
--------------------------------------------------------

  CREATE OR REPLACE TRIGGER "BASE_DDIT"."USER_ROLE_ID_TRG" BEFORE INSERT ON User_Role
FOR EACH ROW
DECLARE 
v_newVal NUMBER(12) := 0;
v_incval NUMBER(12) := 0;
BEGIN
  IF INSERTING AND :new.ID IS NULL THEN
    SELECT  User_Role_ID_SEQ.NEXTVAL INTO v_newVal FROM DUAL;
    -- If this is the first time this table have been inserted into (sequence == 1)
    IF v_newVal = 1 THEN 
      --get the max indentity value from the table
      SELECT NVL(max(ID),0) INTO v_newVal FROM User_Role;
      v_newVal := v_newVal + 1;
      --set the sequence to that value
      LOOP
           EXIT WHEN v_incval>=v_newVal;
           SELECT User_Role_ID_SEQ.nextval INTO v_incval FROM dual;
      END LOOP;
    END IF;
  -- save this to emulate @@identity
  utils.identity_value := v_newVal; 
   -- assign the value from the sequence to emulate the identity column
   :new.ID := v_newVal;
  END IF;
END;
/
ALTER TRIGGER "BASE_DDIT"."USER_ROLE_ID_TRG" ENABLE;
