/*
SQLyog Ultimate v12.08 (64 bit)
MySQL - 5.7.17-log : Database - ddit
*********************************************************************
*/

/*!40101 SET NAMES utf8 */;

/*!40101 SET SQL_MODE=''*/;

/*!40014 SET @OLD_UNIQUE_CHECKS=@@UNIQUE_CHECKS, UNIQUE_CHECKS=0 */;
/*!40014 SET @OLD_FOREIGN_KEY_CHECKS=@@FOREIGN_KEY_CHECKS, FOREIGN_KEY_CHECKS=0 */;
/*!40101 SET @OLD_SQL_MODE=@@SQL_MODE, SQL_MODE='NO_AUTO_VALUE_ON_ZERO' */;
/*!40111 SET @OLD_SQL_NOTES=@@SQL_NOTES, SQL_NOTES=0 */;
CREATE DATABASE /*!32312 IF NOT EXISTS*/`ddit` /*!40100 DEFAULT CHARACTER SET utf8 */;

USE `ddit`;

/*Table structure for table `account` */

DROP TABLE IF EXISTS `account`;

CREATE TABLE `account` (
  `AccountID` int(10) NOT NULL AUTO_INCREMENT,
  `TestID` int(10) DEFAULT NULL,
  `Total` int(10) DEFAULT NULL,
  UNIQUE KEY `AccountID` (`AccountID`)
) ENGINE=InnoDB AUTO_INCREMENT=2 DEFAULT CHARSET=utf8;

/*Data for the table `account` */

insert  into `account`(`AccountID`,`TestID`,`Total`) values (1,4,800);

/*Table structure for table `button` */

DROP TABLE IF EXISTS `button`;

CREATE TABLE `button` (
  `Button_ID` int(10) NOT NULL AUTO_INCREMENT,
  `Button_OpID` varchar(100) DEFAULT NULL,
  `Button_Name` varchar(100) NOT NULL,
  `Button_Operation` varchar(100) DEFAULT NULL,
  `Button_Magic` varchar(100) DEFAULT NULL,
  `Button_Describe` varchar(100) DEFAULT NULL,
  `Create_Time` timestamp(6) NULL DEFAULT NULL,
  `Update_Time` timestamp(6) NULL DEFAULT NULL,
  UNIQUE KEY `Button_ID` (`Button_ID`)
) ENGINE=InnoDB AUTO_INCREMENT=12 DEFAULT CHARSET=utf8;

/*Data for the table `button` */

insert  into `button`(`Button_ID`,`Button_OpID`,`Button_Name`,`Button_Operation`,`Button_Magic`,`Button_Describe`,`Create_Time`,`Update_Time`) values (1,'Create','新增','CreateModal','glyphicon glyphicon-plus','用于创建信息','2016-03-25 15:26:05.087000','2016-04-15 09:45:49.573000'),(2,'Edit','编辑',NULL,'glyphicon glyphicon-pencil','用于编辑信息','2016-03-25 15:26:05.087000',NULL),(3,'Delete','删除',NULL,'glyphicon glyphicon-remove','用于删除信息','2016-03-25 15:26:05.087000',NULL),(4,'DownLoad','下载',NULL,'glyphicon glyphicon-download','用于下载信息','2016-03-25 15:26:05.087000',NULL),(5,'UpLoad','上传',NULL,'glyphicon glyphicon-upload','用户上传文件','2016-03-25 15:26:05.087000',NULL),(7,'export','导出','#wdaw','glyphicon glyphicon-export','导出相关Execl','2016-03-25 15:26:05.087000','2016-03-28 11:23:19.983000'),(9,'import','导入',NULL,'glyphicon glyphicon-import','导入相关数据','2016-03-28 16:44:30.417000',NULL),(10,'distributionRole','分配角色',NULL,'glyphicon glyphicon-user',NULL,'2016-04-14 16:24:47.140000',NULL),(11,'Disabled','禁用',NULL,'glyphicon glyphicon-ban-circle','不删除修改状态','2016-04-15 10:07:45.247000','2016-05-06 13:17:27.377000');

/*Table structure for table `dictionary` */

DROP TABLE IF EXISTS `dictionary`;

CREATE TABLE `dictionary` (
  `ID` int(11) NOT NULL AUTO_INCREMENT,
  `DicCategoryID` int(11) DEFAULT NULL,
  `DicValue` varchar(200) DEFAULT NULL,
  `Enabled` bit(1) DEFAULT NULL,
  `Create_Time` datetime DEFAULT NULL,
  `Update_Time` datetime DEFAULT NULL,
  PRIMARY KEY (`ID`)
) ENGINE=InnoDB AUTO_INCREMENT=5 DEFAULT CHARSET=utf8;

/*Data for the table `dictionary` */

insert  into `dictionary`(`ID`,`DicCategoryID`,`DicValue`,`Enabled`,`Create_Time`,`Update_Time`) values (1,1,'市场部','','2017-06-08 13:26:40','2017-06-08 13:26:43'),(2,1,'技术部','','2017-06-07 13:27:04','2017-06-07 13:27:07'),(3,1,'客服部','','2017-06-06 13:27:28','2017-06-06 13:27:31'),(4,1,'服务部','','2017-06-05 13:27:52','2017-06-05 13:27:56');

/*Table structure for table `dictionarycategory` */

DROP TABLE IF EXISTS `dictionarycategory`;

CREATE TABLE `dictionarycategory` (
  `ID` int(11) NOT NULL AUTO_INCREMENT,
  `Category` varchar(100) DEFAULT NULL,
  `Enabled` bit(1) DEFAULT NULL,
  `Create_Time` datetime DEFAULT NULL,
  `Update_Time` datetime DEFAULT NULL,
  PRIMARY KEY (`ID`)
) ENGINE=InnoDB AUTO_INCREMENT=2 DEFAULT CHARSET=utf8;

/*Data for the table `dictionarycategory` */

insert  into `dictionarycategory`(`ID`,`Category`,`Enabled`,`Create_Time`,`Update_Time`) values (1,'部门','','2017-06-08 13:20:55','2017-06-08 13:21:06');

/*Table structure for table `loginlog` */

DROP TABLE IF EXISTS `loginlog`;

CREATE TABLE `loginlog` (
  `Login_ID` int(10) NOT NULL AUTO_INCREMENT,
  `Login_Name` varchar(100) NOT NULL,
  `Login_Nicker` varchar(100) NOT NULL,
  `Login_IP` varchar(100) NOT NULL,
  `Login_Time` timestamp(6) NOT NULL DEFAULT CURRENT_TIMESTAMP(6) ON UPDATE CURRENT_TIMESTAMP(6),
  UNIQUE KEY `Login_ID` (`Login_ID`)
) ENGINE=InnoDB AUTO_INCREMENT=459 DEFAULT CHARSET=utf8;

/*Data for the table `loginlog` */

insert  into `loginlog`(`Login_ID`,`Login_Name`,`Login_Nicker`,`Login_IP`,`Login_Time`) values (3,'whywhy898','王洪洋','::1','2016-03-02 16:23:36.200000'),(4,'whywhy898','王洪洋','::1','2016-03-02 16:26:42.237000'),(5,'whywhy898','王洪洋','::1','2016-03-02 16:29:44.780000'),(6,'whywhy898','王洪洋','::1','2016-03-04 10:59:29.757000'),(7,'whywhy898','王洪洋','::1','2016-03-04 11:10:45.910000'),(8,'whywhy898','王洪洋','::1','2016-03-04 11:12:19.557000'),(9,'whywhy898','王洪洋','::1','2016-03-04 11:32:31.267000'),(10,'whywhy898','王洪洋','::1','2016-03-04 11:35:43.233000'),(11,'whywhy898','王洪洋','::1','2016-03-04 11:43:41.267000'),(12,'whywhy898','王洪洋','::1','2016-03-04 11:44:28.120000'),(13,'whywhy898','王洪洋','::1','2016-03-04 11:45:00.357000'),(14,'whywhy898','王洪洋','::1','2016-03-04 15:11:02.900000'),(15,'whywhy898','王洪洋','::1','2016-03-04 15:12:54.430000'),(16,'whywhy898','王洪洋','::1','2016-03-04 16:38:55.383000'),(17,'whywhy898','王洪洋','::1','2016-03-04 16:41:37.587000'),(18,'whywhy898','王洪洋','::1','2016-03-04 16:44:31.307000'),(19,'whywhy898','王洪洋','::1','2016-03-04 16:46:31.130000'),(20,'whywhy898','王洪洋','::1','2016-03-04 16:55:35.977000'),(21,'whywhy898','王洪洋','::1','2016-03-07 14:32:48.627000'),(22,'whywhy898','王洪洋','::1','2016-03-07 14:34:07.107000'),(23,'whywhy898','王洪洋','::1','2016-03-07 14:35:05.430000'),(24,'whywhy898','王洪洋','::1','2016-03-07 14:42:12.357000'),(25,'whywhy898','王洪洋','::1','2016-03-07 14:54:50.847000'),(26,'whywhy898','王洪洋','::1','2016-03-07 14:56:00.950000'),(27,'whywhy898','王洪洋','::1','2016-03-07 14:57:19.350000'),(28,'whywhy898','王洪洋','::1','2016-03-07 14:59:28.940000'),(29,'whywhy898','王洪洋','::1','2016-03-07 15:37:41.523000'),(30,'whywhy898','王洪洋','::1','2016-03-07 15:40:15.707000'),(31,'admin','王洪洋','::1','2016-03-10 16:02:31.527000'),(32,'admin','王洪洋','::1','2016-03-10 16:04:16.897000'),(33,'admin','王洪洋','::1','2016-03-10 16:04:34.850000'),(34,'admin','王洪洋','::1','2016-03-10 16:14:23.713000'),(35,'admin','王洪洋','::1','2016-03-10 18:11:51.283000'),(36,'admin','王洪洋','::1','2016-03-10 18:15:50.657000'),(37,'admin','王洪洋','::1','2016-03-11 10:08:35.780000'),(38,'admin','王洪洋','::1','2016-03-11 10:09:22.680000'),(39,'admin','王洪洋','::1','2016-03-11 10:12:03.247000'),(40,'admin','王洪洋','::1','2016-03-11 10:16:28.180000'),(41,'admin','王洪洋','::1','2016-03-11 10:53:39.810000'),(42,'admin','王洪洋','::1','2016-03-11 10:55:25.463000'),(43,'admin','王洪洋','::1','2016-03-11 10:56:47.147000'),(44,'admin','王洪洋','::1','2016-03-11 13:32:24.437000'),(45,'admin','王洪洋','::1','2016-03-11 13:40:50.307000'),(46,'admin','王洪洋','::1','2016-03-11 14:10:42.557000'),(47,'admin','王洪洋','::1','2016-03-11 15:23:38.103000'),(48,'admin','王洪洋','::1','2016-03-11 15:41:53.530000'),(49,'admin','王洪洋','::1','2016-03-14 10:57:41.060000'),(50,'admin','王洪洋','::1','2016-03-14 11:11:41.253000'),(51,'admin','王洪洋','::1','2016-03-14 11:12:33.753000'),(52,'admin','王洪洋','::1','2016-03-14 11:54:44.327000'),(53,'admin','王洪洋','::1','2016-03-14 14:45:10.347000'),(54,'admin','王洪洋','::1','2016-03-14 15:20:35.740000'),(55,'admin','王洪洋','::1','2016-03-14 15:54:51.947000'),(56,'admin','王洪洋','::1','2016-03-14 17:34:32.100000'),(57,'admin','王洪洋','::1','2016-03-14 17:38:34.787000'),(58,'admin','王洪洋','::1','2016-03-14 17:41:43.267000'),(59,'admin','王洪洋','::1','2016-03-14 17:42:56.220000'),(60,'admin','王洪洋','::1','2016-03-14 17:43:55.050000'),(61,'admin','王洪洋','::1','2016-03-14 17:48:38.933000'),(62,'admin','王洪洋','::1','2016-03-14 17:50:56.093000'),(63,'admin','王洪洋','::1','2016-03-14 17:57:18.673000'),(64,'admin','王洪洋','::1','2016-03-14 18:04:48.120000'),(65,'admin','王洪洋','::1','2016-03-14 18:05:56.177000'),(66,'admin','王洪洋','::1','2016-03-14 18:11:27.873000'),(67,'admin','王洪洋','::1','2016-03-15 09:10:09.500000'),(68,'admin','王洪洋','::1','2016-03-15 09:27:06.303000'),(69,'admin','王洪洋','::1','2016-03-15 09:31:45.090000'),(70,'admin','王洪洋','::1','2016-03-15 10:43:41.930000'),(71,'admin','王洪洋','::1','2016-03-15 10:56:43.450000'),(72,'admin','王洪洋','::1','2016-03-15 11:23:11.883000'),(73,'admin','王洪洋','::1','2016-03-15 11:26:39.353000'),(74,'admin','王洪洋','::1','2016-03-15 11:28:39.907000'),(75,'admin','王洪洋','::1','2016-03-15 11:31:05.070000'),(76,'admin','王洪洋','::1','2016-03-15 11:32:42.147000'),(77,'admin','王洪洋','::1','2016-03-15 11:33:38.800000'),(78,'admin','王洪洋','::1','2016-03-15 11:35:32.267000'),(79,'admin','王洪洋','::1','2016-03-15 11:46:57.760000'),(80,'admin','王洪洋','::1','2016-03-15 11:56:33.747000'),(81,'admin','王洪洋','::1','2016-03-15 12:01:27.887000'),(82,'admin','王洪洋','::1','2016-03-15 13:07:45.887000'),(83,'admin','王洪洋','::1','2016-03-15 13:09:37.463000'),(84,'admin','王洪洋','::1','2016-03-15 13:12:24.423000'),(85,'admin','王洪洋','::1','2016-03-15 14:04:14.677000'),(86,'admin','王洪洋','::1','2016-03-15 14:05:06.537000'),(87,'admin','王洪洋','::1','2016-03-15 14:06:50.673000'),(88,'admin','王洪洋','::1','2016-03-15 15:22:17.887000'),(89,'admin','王洪洋','::1','2016-03-15 15:27:46.440000'),(90,'admin','王洪洋','::1','2016-03-15 17:16:21.577000'),(91,'admin','王洪洋','::1','2016-03-16 16:03:10.337000'),(92,'admin','王洪洋','::1','2016-03-21 09:09:06.663000'),(93,'admin','王洪洋','192.168.40.23','2016-03-21 10:19:22.727000'),(94,'admin','王洪洋','::1','2016-03-22 09:30:03.443000'),(95,'admin','王洪洋','::1','2016-03-25 09:30:25.197000'),(96,'admin','王洪洋','192.168.40.23','2016-03-25 09:34:31.633000'),(97,'admin','王洪洋','::1','2016-03-28 09:35:17.050000'),(98,'admin','王洪洋','::1','2016-03-29 11:24:33.933000'),(99,'admin','王洪洋','::1','2016-03-30 10:06:03.040000'),(100,'admin','王洪洋','192.168.40.23','2016-03-30 11:43:44.237000'),(101,'admin','王洪洋','192.168.40.23','2016-03-30 11:49:42.463000'),(102,'admin','王洪洋','192.168.40.23','2016-03-30 14:38:34.060000'),(103,'admin','王洪洋','192.168.40.23','2016-03-31 13:36:15.060000'),(104,'admin','王洪洋','::1','2016-04-05 11:07:40.563000'),(105,'admin','王洪洋','127.0.0.1','2016-04-05 16:41:33.767000'),(106,'admin','王洪洋','127.0.0.1','2016-04-05 17:47:48.960000'),(107,'admin','王洪洋','127.0.0.1','2016-04-05 17:48:42.353000'),(108,'admin','王洪洋','127.0.0.1','2016-04-05 17:53:30.183000'),(109,'admin','王洪洋','192.168.40.53','2016-04-05 17:54:08.977000'),(110,'admin','王洪洋','192.168.40.5','2016-04-05 17:55:31.557000'),(111,'admin','王洪洋','::1','2016-04-07 09:57:18.323000'),(112,'admin','王洪洋','192.168.40.5','2016-04-07 10:38:34.883000'),(113,'admin','王洪洋','192.168.40.2','2016-04-07 10:40:34.220000'),(114,'admin','王洪洋','::1','2016-04-08 10:31:29.630000'),(115,'admin','王洪洋','::1','2016-04-11 09:12:56.773000'),(116,'admin','王洪洋','::1','2016-04-11 15:38:30.797000'),(117,'admin','王洪洋','::1','2016-04-11 15:40:00.567000'),(118,'admin','王洪洋','::1','2016-04-11 15:42:36.200000'),(119,'admin','王洪洋','::1','2016-04-11 15:45:03.270000'),(120,'admin','王洪洋','::1','2016-04-11 16:49:39.117000'),(121,'admin','王洪洋','::1','2016-04-12 10:07:37.610000'),(122,'admin','王洪洋','192.168.40.23','2016-04-13 11:30:26.127000'),(123,'admin','王洪洋','192.168.40.23','2016-04-13 17:21:14.617000'),(124,'admin','王洪洋','192.168.40.23','2016-04-13 17:22:54.903000'),(125,'admin','王洪洋','192.168.40.23','2016-04-14 10:20:14.287000'),(126,'admin','王洪洋','192.168.40.33','2016-04-14 17:29:47.883000'),(127,'admin','王洪洋','::1','2016-04-15 09:37:37.290000'),(128,'admin','王洪洋','::1','2016-04-18 10:02:56.223000'),(129,'admin','王洪洋','192.168.40.23','2016-04-18 14:48:03.103000'),(130,'admin','王洪洋','::1','2016-04-19 14:20:12.227000'),(131,'admin','王洪洋','192.168.40.23','2016-04-20 10:23:37.787000'),(132,'admin','王洪洋','192.168.40.23','2016-04-20 11:29:18.300000'),(133,'admin','王洪洋','::1','2016-04-21 10:44:04.267000'),(134,'admin','王洪洋','::1','2016-04-21 15:46:37.197000'),(135,'admin','王洪洋','192.168.40.23','2016-04-21 15:49:51.417000'),(136,'admin','王洪洋','127.0.0.1','2016-04-22 10:15:07.190000'),(137,'admin','王洪洋','127.0.0.1','2016-04-22 10:24:09.770000'),(138,'admin','王洪洋','::1','2016-04-22 14:09:52.713000'),(139,'admin','王洪洋','::1','2016-04-22 16:30:46.173000'),(140,'admin','王洪洋','::1','2016-04-23 14:25:01.403000'),(141,'admin','王洪洋','::1','2016-04-23 14:25:52.237000'),(142,'nana','娜娜','::1','2016-04-23 14:33:03.827000'),(143,'admin','王洪洋','::1','2016-04-23 14:34:53.903000'),(144,'nana','娜娜','::1','2016-04-23 14:34:59.210000'),(145,'nana','娜娜','::1','2016-04-23 14:36:01.967000'),(146,'nana','娜娜','::1','2016-04-23 14:36:26.123000'),(147,'nana','娜神','::1','2016-04-23 14:37:11.550000'),(148,'nana','娜神','192.168.40.53','2016-04-23 14:37:30.387000'),(149,'nana','娜四一定','::1','2016-04-23 14:40:17.120000'),(150,'nana','娜四一定','::1','2016-04-23 14:52:32.050000'),(151,'nana','娜就是神','::1','2016-04-23 14:52:59.817000'),(152,'jimi','吉米','::1','2016-04-23 14:57:14.650000'),(153,'admin','王洪洋','::1','2016-04-23 14:57:50.033000'),(154,'admin','超级管理员','::1','2016-04-23 14:59:20.237000'),(155,'admin','超级管理员','::1','2016-04-25 09:53:19.630000'),(156,'admin','超级管理员','::1','2016-04-25 16:25:27.147000'),(157,'admin','超级管理员','::1','2016-04-28 10:12:41.273000'),(158,'admin','超级管理员','192.168.40.5','2016-04-28 13:33:39.743000'),(159,'admin','超级管理员','192.168.40.5','2016-04-29 10:56:51.787000'),(160,'admin','超级管理员','192.168.40.5','2016-04-29 14:37:12.447000'),(161,'admin','超级管理员','192.168.40.23','2016-04-29 14:41:49.167000'),(162,'admin','超级管理员','192.168.40.23','2016-04-29 14:46:34.803000'),(163,'admin','超级管理员','::1','2016-05-05 13:54:59.677000'),(164,'admin','超级管理员','::1','2016-05-06 09:51:17.713000'),(165,'admin','超级管理员','::1','2016-05-06 10:17:56.643000'),(166,'admin','超级管理员','::1','2016-05-06 10:21:56.060000'),(167,'admin','超级管理员','::1','2016-05-06 10:24:53.373000'),(168,'admin','超级管理员','::1','2016-05-06 10:27:04.360000'),(169,'admin','超级管理员','::1','2016-05-06 10:27:39.527000'),(170,'admin','超级管理员','::1','2016-05-06 10:29:13.493000'),(171,'admin','超级管理员','::1','2016-05-06 10:36:46.487000'),(172,'admin','超级管理员','::1','2016-05-06 10:38:12.293000'),(173,'admin','超级管理员','::1','2016-05-06 10:39:29.040000'),(174,'admin','超级管理员','::1','2016-05-06 10:41:50.283000'),(175,'admin','超级管理员','::1','2016-05-06 10:44:17.090000'),(176,'admin','超级管理员','::1','2016-05-06 10:46:33.153000'),(177,'admin','超级管理员','::1','2016-05-06 10:47:27.287000'),(178,'admin','超级管理员','::1','2016-06-29 10:19:43.040000'),(179,'admin','超级管理员','::1','2016-07-04 14:25:26.707000'),(180,'admin','超级管理员','::1','2016-07-04 16:55:06.137000'),(181,'admin','超级管理员','::1','2016-07-05 09:38:38.200000'),(182,'admin','超级管理员','::1','2016-07-06 09:55:02.767000'),(183,'admin','超级管理员','::1','2016-07-06 10:11:42.390000'),(184,'admin','超级管理员','::1','2016-07-06 10:13:29.497000'),(185,'admin','超级管理员','::1','2016-07-06 10:19:09.310000'),(186,'admin','超级管理员','::1','2016-07-06 10:29:07.870000'),(187,'admin','超级管理员','::1','2016-07-06 10:37:20.883000'),(188,'admin','超级管理员','::1','2016-07-06 10:42:11.397000'),(189,'admin','超级管理员','::1','2016-07-06 15:30:23.027000'),(190,'admin','超级管理员','::1','2016-07-07 14:13:59.613000'),(191,'admin','超级管理员','::1','2016-07-07 16:04:36.150000'),(192,'admin','超级管理员','::1','2016-07-15 10:31:28.303000'),(193,'admin','超级管理员','::1','2016-07-15 10:36:57.297000'),(194,'admin','超级管理员','::1','2016-07-15 13:38:42.650000'),(195,'admin','超级管理员','::1','2016-07-15 13:45:36.977000'),(196,'admin','超级管理员','::1','2016-07-15 15:05:00.680000'),(197,'admin','超级管理员','::1','2016-07-15 15:07:55.207000'),(198,'admin','超级管理员','::1','2016-07-18 11:57:46.027000'),(199,'admin','超级管理员','::1','2016-07-18 13:14:12.217000'),(200,'admin','超级管理员','::1','2016-07-18 13:18:48.863000'),(201,'admin','超级管理员','::1','2016-07-18 13:36:48.683000'),(202,'admin','超级管理员','::1','2016-07-18 14:16:18.817000'),(203,'admin','超级管理员','::1','2016-07-18 14:18:52.040000'),(204,'admin','超级管理员','::1','2016-07-18 14:21:56.880000'),(205,'admin','超级管理员','::1','2016-07-18 14:23:18.157000'),(206,'admin','超级管理员','::1','2016-07-18 14:26:35.430000'),(207,'admin','超级管理员','::1','2016-07-18 14:30:29.073000'),(208,'admin','超级管理员','::1','2016-07-18 14:34:54.367000'),(209,'admin','超级管理员','::1','2016-07-18 14:37:44.587000'),(210,'admin','超级管理员','::1','2016-07-18 14:41:12.400000'),(211,'admin','超级管理员','::1','2016-07-19 09:33:28.397000'),(212,'admin','超级管理员','::1','2016-07-19 09:39:12.490000'),(213,'admin','超级管理员','::1','2016-07-19 13:59:28.727000'),(214,'admin','超级管理员','::1','2016-07-19 14:19:24.937000'),(215,'admin','超级管理员','127.0.0.1','2016-07-19 14:35:04.997000'),(216,'admin','超级管理员','::1','2016-07-20 13:34:15.113000'),(217,'admin','超级管理员','::1','2016-07-21 14:31:48.163000'),(218,'admin','超级管理员','::1','2016-07-22 09:40:02.573000'),(219,'admin','超级管理员','::1','2016-07-22 10:08:44.257000'),(220,'admin','超级管理员','::1','2016-07-22 13:37:07.410000'),(221,'admin','超级管理员','::1','2016-07-25 14:25:51.447000'),(222,'admin','超级管理员','::1','2016-07-26 14:46:25.257000'),(223,'admin','超级管理员','::1','2016-07-27 10:14:20.577000'),(224,'admin','超级管理员','::1','2016-07-27 10:45:49.890000'),(225,'admin','超级管理员','::1','2016-07-27 12:01:00.253000'),(226,'admin','超级管理员','::1','2016-07-27 14:01:12.707000'),(227,'admin','超级管理员','::1','2016-08-01 17:27:52.980000'),(228,'admin','超级管理员','::1','2016-08-01 17:50:26.763000'),(229,'admin','超级管理员','::1','2016-08-02 11:26:14.340000'),(230,'admin','超级管理员','::1','2016-08-02 11:28:12.320000'),(231,'admin','超级管理员','::1','2016-08-04 10:53:45.967000'),(232,'admin','超级管理员','::1','2016-08-04 10:59:22.050000'),(233,'admin','超级管理员','::1','2016-08-04 11:02:19.343000'),(234,'admin','超级管理员','::1','2016-08-04 11:02:52.147000'),(235,'admin','超级管理员','::1','2016-08-04 11:12:02.387000'),(236,'admin','超级管理员','::1','2016-08-08 16:23:36.927000'),(237,'admin','超级管理员','::1','2016-08-09 10:23:43.917000'),(238,'admin','超级管理员','::1','2016-08-10 16:43:25.847000'),(239,'admin','超级管理员','::1','2016-08-16 11:21:39.597000'),(240,'admin','超级管理员','::1','2016-08-16 14:51:01.780000'),(241,'admin','超级管理员','::1','2016-08-17 10:27:05.687000'),(242,'admin','超级管理员','::1','2016-08-17 10:34:25.753000'),(243,'admin','超级管理员','::1','2016-08-17 10:35:05.757000'),(244,'admin','超级管理员','::1','2016-08-17 10:36:19.533000'),(245,'admin','超级管理员','::1','2016-08-18 09:47:15.210000'),(246,'admin','超级管理员','::1','2016-08-18 09:50:39.043000'),(247,'admin','超级管理员','::1','2016-11-14 15:48:19.213000'),(248,'admin','超级管理员','::1','2016-11-15 09:50:39.803000'),(249,'admin','超级管理员','::1','2016-11-15 09:58:06.387000'),(250,'admin','超级管理员','::1','2016-11-15 10:41:37.213000'),(251,'admin','超级管理员','::1','2016-11-17 10:40:02.527000'),(252,'admin','超级管理员','::1','2017-02-07 11:11:55.047000'),(253,'admin','超级管理员','::1','2017-02-07 11:19:09.543000'),(254,'admin','超级管理员','::1','2017-02-08 14:00:47.040000'),(255,'admin','超级管理员','::1','2017-02-08 15:38:42.767000'),(256,'admin','超级管理员','::1','2017-02-08 16:06:32.563000'),(257,'admin','超级管理员','::1','2017-02-08 16:08:49.967000'),(258,'admin','超级管理员','::1','2017-02-08 16:10:08.017000'),(259,'admin','超级管理员','::1','2017-02-08 16:14:21.917000'),(260,'admin','超级管理员','::1','2017-02-08 16:16:12.417000'),(261,'admin','超级管理员','::1','2017-04-07 10:14:07.153000'),(262,'admin','超级管理员','::1','2017-04-07 10:15:35.337000'),(263,'admin','超级管理员','::1','2017-04-07 10:20:51.673000'),(264,'admin','超级管理员','::1','2017-04-07 10:26:37.847000'),(265,'why778','小杰','::1','2017-04-07 10:30:45.033000'),(266,'admin','超级管理员','::1','2017-04-07 10:37:24.223000'),(267,'admin','超级管理员','::1','2017-04-21 13:37:51.957000'),(268,'admin','超级管理员','::1','2017-04-21 13:56:09.193000'),(269,'admin','超级管理员','::1','2017-04-21 14:18:49.380000'),(270,'admin','超级管理员','::1','2017-04-21 14:53:03.977000'),(271,'admin','超级管理员','::1','2017-04-21 15:22:52.020000'),(272,'admin','超级管理员','192.168.40.19','2017-04-21 15:33:51.203000'),(273,'admin','超级管理员','::1','2017-04-21 15:35:42.170000'),(274,'admin','超级管理员','192.168.40.35','2017-04-21 15:36:09.237000'),(275,'admin','超级管理员','::1','2017-04-21 15:55:40.750000'),(276,'admin','超级管理员','::1','2017-04-21 16:01:10.767000'),(277,'admin','超级管理员','::1','2017-04-24 10:27:40.910000'),(278,'admin','超级管理员','::1','2017-04-24 11:19:44.567000'),(279,'admin','超级管理员','::1','2017-04-24 11:34:27.967000'),(280,'admin','超级管理员','::1','2017-04-25 09:57:20.317000'),(281,'admin','超级管理员','::1','2017-04-25 10:04:09.137000'),(282,'admin','超级管理员','::1','2017-04-25 10:07:47.493000'),(283,'admin','超级管理员','::1','2017-04-25 10:16:01.123000'),(284,'admin','超级管理员','::1','2017-04-25 10:23:38.533000'),(285,'admin','超级管理员','127.0.0.1','2017-04-25 10:48:28.543000'),(286,'admin','超级管理员','127.0.0.1','2017-04-25 10:49:51.227000'),(287,'admin','超级管理员','127.0.0.1','2017-04-25 10:58:59.633000'),(288,'admin','超级管理员','127.0.0.1','2017-04-25 10:59:51.373000'),(289,'admin','超级管理员','127.0.0.1','2017-04-25 11:07:12.127000'),(290,'admin','超级管理员','127.0.0.1','2017-04-25 13:53:00.993000'),(291,'admin','超级管理员','127.0.0.1','2017-04-25 14:58:45.787000'),(292,'admin','超级管理员','127.0.0.1','2017-04-25 15:27:27.683000'),(293,'admin','超级管理员','::1','2017-04-26 08:47:08.357000'),(294,'admin','超级管理员','::1','2017-04-26 10:09:52.107000'),(295,'admin','超级管理员','::1','2017-04-26 15:13:49.083000'),(296,'admin','超级管理员','::1','2017-04-26 15:17:31.177000'),(297,'layer5','关羽','::1','2017-04-26 15:18:56.443000'),(298,'admin','超级管理员','::1','2017-04-26 15:19:09.397000'),(299,'admin','超级管理员','::1','2017-04-27 09:41:47.590000'),(300,'admin','超级管理员','::1','2017-04-27 10:07:36.230000'),(301,'admin','超级管理员','::1','2017-04-27 10:23:40.787000'),(302,'admin','超级管理员','::1','2017-04-27 11:56:13.087000'),(303,'admin','超级管理员','::1','2017-04-27 11:58:34.757000'),(304,'admin','超级管理员','::1','2017-04-27 13:30:25.723000'),(305,'admin','超级管理员','::1','2017-04-27 15:16:16.420000'),(306,'admin','超级管理员','::1','2017-04-27 17:20:18.570000'),(307,'admin','超级管理员','::1','2017-04-27 17:24:05.607000'),(308,'admin','超级管理员','::1','2017-04-28 09:41:21.613000'),(309,'layer5','关羽','::1','2017-04-28 09:48:55.150000'),(310,'admin','超级管理员','::1','2017-04-28 09:49:17.960000'),(311,'layer5','关羽','::1','2017-04-28 09:59:53.577000'),(312,'admin','超级管理员','::1','2017-04-28 10:00:30.310000'),(313,'admin','超级管理员','::1','2017-04-28 10:21:31.233000'),(314,'admin','超级管理员','::1','2017-05-02 09:42:20.193000'),(315,'admin','超级管理员','::1','2017-05-02 11:39:46.303000'),(316,'admin','超级管理员','::1','2017-05-02 13:30:36.237000'),(317,'admin','超级管理员','::1','2017-05-02 14:21:08.943000'),(318,'admin','超级管理员','::1','2017-05-02 14:49:08.473000'),(319,'admin','超级管理员','::1','2017-05-02 15:30:12.480000'),(320,'admin','超级管理员','::1','2017-05-02 16:28:51.260000'),(321,'admin','超级管理员','::1','2017-05-03 10:07:39.953000'),(322,'admin','超级管理员','::1','2017-05-03 10:12:27.603000'),(323,'admin','超级管理员','::1','2017-05-03 10:15:53.383000'),(324,'admin','超级管理员','::1','2017-05-03 10:35:00.697000'),(325,'admin','超级管理员','::1','2017-05-03 10:46:58.627000'),(326,'admin','超级管理员','::1','2017-05-03 13:35:32.727000'),(327,'admin','超级管理员','::1','2017-05-03 13:41:13.577000'),(328,'admin','超级管理员','::1','2017-05-03 13:42:26.977000'),(329,'admin','超级管理员','::1','2017-05-03 15:49:55.007000'),(330,'admin','超级管理员','::1','2017-05-04 10:19:47.720000'),(331,'admin','超级管理员','::1','2017-05-04 11:28:22.290000'),(332,'admin','超级管理员','::1','2017-05-04 13:47:28.987000'),(333,'admin','超级管理员','::1','2017-05-04 13:55:13.327000'),(334,'admin','超级管理员','::1','2017-05-05 09:32:42.380000'),(335,'admin','超级管理员','::1','2017-05-05 11:27:17.350000'),(336,'admin','超级管理员','::1','2017-05-05 11:40:13.683000'),(337,'admin','超级管理员','::1','2017-05-09 10:55:16.830000'),(338,'admin','超级管理员','::1','2017-05-10 13:40:57.420000'),(339,'admin','超级管理员','::1','2017-05-10 14:01:00.020000'),(340,'admin','超级管理员','::1','2017-05-10 14:31:52.337000'),(341,'admin','超级管理员','::1','2017-05-11 11:46:30.507000'),(342,'admin','超级管理员','::1','2017-05-12 09:32:53.653000'),(343,'admin','超级管理员','::1','2017-05-12 09:50:46.020000'),(344,'admin','超级管理员','::1','2017-05-12 10:30:42.657000'),(345,'admin','超级管理员','::1','2017-05-12 11:19:17.527000'),(346,'admin','超级管理员','::1','2017-05-12 11:22:08.237000'),(347,'admin','超级管理员','::1','2017-05-12 11:55:50.433000'),(348,'admin','超级管理员','::1','2017-05-12 13:09:16.967000'),(349,'admin','超级管理员','::1','2017-05-12 13:16:44.150000'),(350,'admin','超级管理员','::1','2017-05-12 13:56:24.610000'),(351,'admin','超级管理员','::1','2017-05-12 14:08:08.810000'),(352,'admin','超级管理员','::1','2017-05-12 16:12:55.093000'),(353,'admin','超级管理员','::1','2017-05-15 13:12:42.370000'),(354,'admin','超级管理员','::1','2017-05-15 14:10:57.677000'),(355,'admin','超级管理员','::1','2017-05-15 14:40:32.697000'),(356,'admin','超级管理员','::1','2017-05-15 14:45:25.410000'),(357,'admin','超级管理员','::1','2017-05-15 16:15:42.637000'),(358,'admin','超级管理员','::1','2017-05-15 16:23:33.513000'),(359,'admin','超级管理员','::1','2017-05-15 17:20:36.957000'),(360,'admin','超级管理员','::1','2017-05-16 09:39:50.317000'),(361,'admin','超级管理员','::1','2017-05-16 10:08:49.457000'),(362,'admin','超级管理员','::1','2017-05-16 15:28:19.183000'),(363,'admin','超级管理员','::1','2017-05-16 15:46:36.997000'),(364,'admin','超级管理员','::1','2017-05-16 16:06:03.383000'),(365,'admin','超级管理员','::1','2017-05-16 16:09:36.077000'),(366,'admin','超级管理员','192.168.40.35','2017-05-16 16:44:45.970000'),(367,'admin','超级管理员','192.168.40.35','2017-05-16 16:49:09.310000'),(368,'admin','超级管理员','::1','2017-05-16 16:54:58.340000'),(369,'admin','超级管理员','192.168.40.35','2017-05-16 16:54:04.867000'),(370,'admin','超级管理员','192.168.40.35','2017-05-16 16:54:30.713000'),(371,'admin','超级管理员','::1','2017-05-16 17:15:14.857000'),(372,'admin','超级管理员','::1','2017-05-16 17:29:12.763000'),(373,'admin','超级管理员','::1','2017-05-16 17:47:10.813000'),(374,'admin','超级管理员','::1','2017-05-17 09:40:35.480000'),(375,'admin','超级管理员','192.168.40.35','2017-05-17 10:02:24.970000'),(376,'admin','超级管理员','::1','2017-05-17 10:37:01.653000'),(377,'admin','超级管理员','::1','2017-05-17 10:40:34.080000'),(378,'admin','超级管理员','::1','2017-05-17 10:42:00.230000'),(379,'admin','超级管理员','::1','2017-05-17 10:45:17.607000'),(380,'admin','超级管理员','192.168.40.35','2017-05-17 10:48:55.597000'),(381,'admin','超级管理员','::1','2017-05-17 10:53:53.070000'),(382,'admin','超级管理员','192.168.40.35','2017-05-17 11:10:53.720000'),(383,'admin','超级管理员','192.168.40.35','2017-05-17 11:12:45.217000'),(384,'admin','超级管理员','::1','2017-05-18 09:38:11.257000'),(385,'admin','超级管理员','::1','2017-05-18 09:44:46.640000'),(386,'admin','超级管理员','::1','2017-05-18 10:15:00.840000'),(387,'admin','超级管理员','::1','2017-05-18 10:35:24.427000'),(388,'admin','超级管理员','::1','2017-05-18 10:45:02.893000'),(389,'admin','超级管理员','::1','2017-05-18 10:46:51.553000'),(390,'admin','超级管理员','::1','2017-05-18 11:04:08.270000'),(391,'admin','超级管理员','::1','2017-05-19 11:25:34.800000'),(392,'admin','超级管理员','::1','2017-05-22 10:44:44.340000'),(393,'admin','超级管理员','::1','2017-05-22 15:13:12.393000'),(394,'admin','超级管理员','::1','2017-05-22 16:24:52.177000'),(395,'admin','超级管理员','::1','2017-05-22 17:08:31.910000'),(396,'admin','超级管理员','::1','2017-05-22 17:21:02.960000'),(397,'admin','超级管理员','::1','2017-05-23 13:08:01.850000'),(398,'admin','超级管理员','::1','2017-05-23 13:14:47.460000'),(399,'admin','超级管理员','::1','2017-05-23 13:28:53.500000'),(400,'admin','超级管理员','::1','2017-05-23 13:35:17.470000'),(401,'admin','超级管理员','::1','2017-05-23 15:46:11.840000'),(402,'admin','超级管理员','::1','2017-05-23 16:12:31.923000'),(403,'admin','超级管理员','::1','2017-05-23 16:15:09.733000'),(404,'admin','超级管理员','::1','2017-05-23 16:22:42.990000'),(405,'admin','超级管理员','::1','2017-05-23 16:23:30.920000'),(406,'admin','超级管理员','::1','2017-05-23 16:43:17.707000'),(407,'admin','超级管理员','::1','2017-05-23 16:45:45.483000'),(408,'admin','超级管理员','::1','2017-05-24 09:24:43.470000'),(409,'admin','超级管理员','::1','2017-05-24 13:44:46.150000'),(410,'admin','超级管理员','::1','2017-05-24 15:57:42.947000'),(411,'admin','超级管理员','::1','2017-05-24 17:07:52.537000'),(412,'admin','超级管理员','::1','2017-05-24 17:17:54.487000'),(413,'admin','超级管理员','::1','2017-05-25 09:35:16.373000'),(414,'admin','超级管理员','::1','2017-05-25 10:26:25.750000'),(415,'admin','超级管理员','::1','2017-05-25 11:13:53.420000'),(416,'admin','超级管理员','::1','2017-05-25 11:52:37.133000'),(417,'admin','超级管理员','::1','2017-05-25 14:17:27.100000'),(418,'admin','超级管理员','::1','2017-05-25 14:28:06.460000'),(419,'admin','超级管理员','::1','2017-05-25 16:02:27.997000'),(420,'admin','超级管理员','::1','2017-05-25 16:04:18.180000'),(421,'admin','超级管理员','::1','2017-05-25 16:06:49.340000'),(422,'admin','超级管理员','::1','2017-05-25 16:07:28.827000'),(423,'admin','超级管理员','::1','2017-05-26 10:37:53.670000'),(424,'admin','超级管理员','::1','2017-05-26 11:51:24.137000'),(425,'admin','超级管理员','::1','2017-05-26 11:51:41.953000'),(426,'admin','超级管理员','::1','2017-05-27 16:27:15.073000'),(427,'admin','超级管理员','::1','2017-05-27 16:29:25.150000'),(428,'admin','超级管理员','::1','2017-05-31 11:26:55.677000'),(429,'admin','超级管理员','::1','2017-06-01 10:10:46.280000'),(430,'admin','超级管理员','::1','2017-06-01 10:13:59.650000'),(431,'admin','超级管理员','::1','2017-06-01 10:25:36.017000'),(432,'admin','超级管理员','::1','2017-06-01 10:29:52.677000'),(433,'admin','超级管理员','::1','2017-06-01 11:43:58.617000'),(434,'admin','超级管理员','::1','2017-06-01 11:53:23.897000'),(435,'admin','超级管理员','::1','2017-06-01 11:57:21.857000'),(436,'admin','超级管理员','::1','2017-06-01 11:59:18.133000'),(437,'admin','超级管理员','::1','2017-06-01 13:11:58.890000'),(438,'admin','超级管理员','::1','2017-06-01 13:12:48.453000'),(439,'admin','超级管理员','::1','2017-06-01 13:14:07.083000'),(440,'admin','超级管理员','::1','2017-06-01 13:15:05.007000'),(441,'admin','超级管理员','::1','2017-06-01 13:15:51.790000'),(442,'admin','超级管理员','::1','2017-06-01 13:19:05.853000'),(443,'admin','超级管理员','::1','2017-06-01 13:32:19.260000'),(444,'admin','超级管理员','::1','2017-06-01 16:00:54.263000'),(445,'admin','超级管理员','::1','2017-06-02 11:19:13.720000'),(446,'admin','超级管理员','::1','2017-06-02 11:58:20.110000'),(447,'admin','超级管理员','::1','2017-06-02 13:59:06.497000'),(448,'admin','超级管理员','::1','2017-06-02 14:44:35.707000'),(449,'admin','超级管理员','::1','2017-06-05 13:30:02.693000'),(450,'admin','超级管理员','::1','2017-06-05 14:22:59.963000'),(451,'admin','超级管理员','::1','2017-06-05 15:17:39.537000'),(452,'admin','超级管理员','::1','2017-06-06 10:47:06.417000'),(453,'admin','超级管理员','::1','2017-06-07 13:29:50.817000'),(454,'admin','超级管理员','::1','2017-06-08 13:35:33.511157'),(455,'admin','超级管理员','::1','2017-06-08 13:35:50.918152'),(456,'admin','超级管理员','::1','2017-06-08 13:40:30.207127'),(457,'admin','超级管理员','::1','2017-06-08 13:40:56.525632'),(458,'admin','超级管理员','::1','2017-06-08 13:43:32.863574');

/*Table structure for table `menu` */

DROP TABLE IF EXISTS `menu`;

CREATE TABLE `menu` (
  `Menu_ID` int(10) NOT NULL AUTO_INCREMENT,
  `Menu_Name` varchar(50) NOT NULL,
  `Menu_Url` varchar(200) DEFAULT NULL,
  `Menu_ParentID` int(10) DEFAULT NULL,
  `Menu_Order` int(10) NOT NULL,
  `Menu_Icon` varchar(100) DEFAULT NULL,
  `IsVisible` int(10) DEFAULT NULL,
  `Create_Time` timestamp(6) NULL DEFAULT NULL,
  `Update_Time` timestamp(6) NULL DEFAULT NULL,
  UNIQUE KEY `Menu_ID` (`Menu_ID`)
) ENGINE=InnoDB AUTO_INCREMENT=47 DEFAULT CHARSET=utf8;

/*Data for the table `menu` */

insert  into `menu`(`Menu_ID`,`Menu_Name`,`Menu_Url`,`Menu_ParentID`,`Menu_Order`,`Menu_Icon`,`IsVisible`,`Create_Time`,`Update_Time`) values (1,'系统设置','youare',NULL,1,'glyphicon glyphicon-text59',1,'2016-03-21 14:33:02.930000',NULL),(4,'用户管理','/User/Index',1,1,'glyphicon glyphicon-text57',1,'2016-03-21 14:33:02.930000',NULL),(5,'角色管理','/Role/Index',1,2,'glyphicon glyphicon-text57',1,'2016-03-21 14:33:02.930000',NULL),(9,'菜单管理','/Menu/Index',1,4,'glyphicon glyphicon-text58',1,'2016-03-21 14:33:02.930000',NULL),(28,'按钮管理','/Button/Index',1,5,'glyphicon glyphicon-text2',0,'2016-03-23 09:56:14.143000',NULL),(29,'统计报表','',NULL,2,'glyphicon glyphicon-text23',0,'2016-03-23 10:17:21.763000',NULL),(30,'日志管理','/Log/Index',1,7,'glyphicon glyphicon-text27',0,'2016-03-23 10:19:02.620000',NULL),(31,'核心业务','',NULL,3,'glyphicon glyphicon-text16',0,'2016-03-23 13:49:45.340000',NULL),(32,'组织结构','',29,6,'glyphicon glyphicon-text5',0,'2016-03-23 13:50:59.197000',NULL),(33,'数据字典','/Dictionary/Index',1,6,'glyphicon glyphicon-text',0,'2016-03-23 15:21:15.297000',NULL),(45,'业务管理','',NULL,4,'glyphicon glyphicon-text23',0,'2017-05-24 16:38:11.437000',NULL),(46,'新闻列表','/News/Index',45,1,'glyphicon glyphicon-text23',0,'2017-05-24 16:58:14.437000',NULL);

/*Table structure for table `menu_button` */

DROP TABLE IF EXISTS `menu_button`;

CREATE TABLE `menu_button` (
  `ID` int(10) NOT NULL AUTO_INCREMENT,
  `Menu_ID` int(10) DEFAULT NULL,
  `Button_ID` int(10) DEFAULT NULL,
  `OrderBy` int(10) DEFAULT NULL,
  UNIQUE KEY `ID` (`ID`)
) ENGINE=InnoDB AUTO_INCREMENT=58 DEFAULT CHARSET=utf8;

/*Data for the table `menu_button` */

insert  into `menu_button`(`ID`,`Menu_ID`,`Button_ID`,`OrderBy`) values (10,33,1,1),(11,33,2,2),(12,33,3,3),(13,33,4,4),(22,35,3,1),(23,35,1,2),(24,35,4,3),(25,35,2,4),(26,32,1,1),(27,32,2,2),(28,32,3,3),(36,4,1,1),(37,4,2,2),(38,4,11,3),(39,4,10,4),(50,43,1,1),(51,43,2,2),(52,43,3,3),(53,5,9,1),(54,5,10,2),(55,46,1,1),(56,46,7,2),(57,46,5,3);

/*Table structure for table `new` */

DROP TABLE IF EXISTS `new`;

CREATE TABLE `new` (
  `NewId` int(10) NOT NULL AUTO_INCREMENT,
  `NewTitle` varchar(50) DEFAULT NULL,
  `NewContent` varchar(200) DEFAULT NULL,
  `NewAuthor` varchar(50) DEFAULT NULL,
  `CreateTime` timestamp(6) NULL DEFAULT NULL,
  UNIQUE KEY `NewId` (`NewId`)
) ENGINE=InnoDB DEFAULT CHARSET=utf8;

/*Data for the table `new` */

/*Table structure for table `role` */

DROP TABLE IF EXISTS `role`;

CREATE TABLE `role` (
  `Role_ID` int(10) NOT NULL AUTO_INCREMENT,
  `Role_Name` varchar(100) NOT NULL,
  `Role_Description` text,
  `Create_Time` timestamp(6) NOT NULL DEFAULT CURRENT_TIMESTAMP(6) ON UPDATE CURRENT_TIMESTAMP(6),
  `Update_Time` timestamp(6) NULL DEFAULT NULL,
  UNIQUE KEY `Role_ID` (`Role_ID`)
) ENGINE=InnoDB AUTO_INCREMENT=8 DEFAULT CHARSET=utf8;

/*Data for the table `role` */

insert  into `role`(`Role_ID`,`Role_Name`,`Role_Description`,`Create_Time`,`Update_Time`) values (1,'管理员','超级管理员','2016-03-03 00:00:00.000000',NULL),(2,'操作员','处理申请单的','2016-03-03 00:00:00.000000',NULL),(3,'部门经理','管理者','2016-03-04 00:00:00.000000',NULL),(7,'客服经理','客服老大','2017-06-01 10:11:16.710000',NULL);

/*Table structure for table `role_button` */

DROP TABLE IF EXISTS `role_button`;

CREATE TABLE `role_button` (
  `ID` int(10) NOT NULL AUTO_INCREMENT,
  `Role_ID` int(10) DEFAULT NULL,
  `Menu_ID` int(10) DEFAULT NULL,
  `Button_ID` int(10) DEFAULT NULL,
  UNIQUE KEY `ID` (`ID`)
) ENGINE=InnoDB AUTO_INCREMENT=192 DEFAULT CHARSET=utf8;

/*Data for the table `role_button` */

insert  into `role_button`(`ID`,`Role_ID`,`Menu_ID`,`Button_ID`) values (152,3,4,1),(153,3,4,2),(154,3,4,11),(155,3,4,10),(173,2,46,1),(183,1,4,1),(184,1,4,2),(185,1,4,11),(186,1,4,10),(187,1,33,1),(188,1,33,2),(189,1,33,3),(190,1,33,4),(191,1,46,7);

/*Table structure for table `role_menu` */

DROP TABLE IF EXISTS `role_menu`;

CREATE TABLE `role_menu` (
  `RoleMenu_ID` int(10) NOT NULL AUTO_INCREMENT,
  `Role_ID` int(10) NOT NULL,
  `Menu_ID` int(10) NOT NULL,
  UNIQUE KEY `RoleMenu_ID` (`RoleMenu_ID`)
) ENGINE=InnoDB AUTO_INCREMENT=68 DEFAULT CHARSET=utf8;

/*Data for the table `role_menu` */

insert  into `role_menu`(`RoleMenu_ID`,`Role_ID`,`Menu_ID`) values (4,1,8),(5,2,1),(6,2,4),(10,2,5),(14,3,4),(15,3,5),(16,3,9),(17,3,28),(18,3,30),(22,1,4),(23,1,33),(24,1,34),(25,1,35),(26,1,36),(27,1,37),(28,1,38),(29,1,39),(30,1,40),(31,1,41),(32,1,42),(33,1,43),(34,1,1),(35,1,45),(36,1,46),(37,2,45),(38,2,46),(39,1,29),(40,1,32),(55,7,29),(56,7,32),(57,7,31),(61,7,1),(62,7,4),(63,7,5),(64,7,9),(65,7,28),(66,7,30),(67,7,33);

/*Table structure for table `systeminfo` */

DROP TABLE IF EXISTS `systeminfo`;

CREATE TABLE `systeminfo` (
  `System_ID` int(10) NOT NULL AUTO_INCREMENT,
  `System_Title` varchar(100) DEFAULT NULL,
  `System_Version` varchar(50) DEFAULT NULL,
  `System_Copyright` varchar(100) DEFAULT NULL,
  `IsValidCode` bit(1) DEFAULT NULL,
  UNIQUE KEY `System_ID` (`System_ID`)
) ENGINE=InnoDB DEFAULT CHARSET=utf8;

/*Data for the table `systeminfo` */

/*Table structure for table `test` */

DROP TABLE IF EXISTS `test`;

CREATE TABLE `test` (
  `ID` int(10) NOT NULL AUTO_INCREMENT,
  `Name` varchar(50) DEFAULT NULL,
  `age` int(10) DEFAULT NULL,
  UNIQUE KEY `ID` (`ID`)
) ENGINE=InnoDB AUTO_INCREMENT=5 DEFAULT CHARSET=utf8;

/*Data for the table `test` */

insert  into `test`(`ID`,`Name`,`age`) values (4,'whywhy898',31);

/*Table structure for table `user_role` */

DROP TABLE IF EXISTS `user_role`;

CREATE TABLE `user_role` (
  `ID` int(10) NOT NULL AUTO_INCREMENT,
  `User_ID` int(10) NOT NULL,
  `Role_ID` int(10) NOT NULL,
  UNIQUE KEY `ID` (`ID`)
) ENGINE=InnoDB AUTO_INCREMENT=42 DEFAULT CHARSET=utf8;

/*Data for the table `user_role` */

insert  into `user_role`(`ID`,`User_ID`,`Role_ID`) values (28,1,2),(29,1,3),(30,30,2),(31,30,3),(32,1,1),(33,31,2),(34,31,3),(35,40,1),(36,39,1),(39,38,1),(40,38,2),(41,41,3);

/*Table structure for table `userinfomation` */

DROP TABLE IF EXISTS `userinfomation`;

CREATE TABLE `userinfomation` (
  `User_ID` int(10) NOT NULL AUTO_INCREMENT,
  `User_Name` varchar(100) NOT NULL,
  `User_Password` varchar(100) NOT NULL,
  `User_Reallyname` varchar(50) NOT NULL,
  `HeadPortrait` text,
  `Department_ID` int(10) NOT NULL,
  `IsEnable` bit(1) NOT NULL,
  `Create_Time` timestamp(6) NOT NULL DEFAULT CURRENT_TIMESTAMP(6) ON UPDATE CURRENT_TIMESTAMP(6),
  `Update_Time` timestamp(6) NULL DEFAULT NULL,
  `Remark` text,
  UNIQUE KEY `User_ID` (`User_ID`)
) ENGINE=InnoDB AUTO_INCREMENT=43 DEFAULT CHARSET=utf8;

/*Data for the table `userinfomation` */

insert  into `userinfomation`(`User_ID`,`User_Name`,`User_Password`,`User_Reallyname`,`HeadPortrait`,`Department_ID`,`IsEnable`,`Create_Time`,`Update_Time`,`Remark`) values (1,'admin','123456','超级管理员','20160423heel.jpg',1,'','2016-12-12 00:00:00.000000','2016-12-12 00:00:00.000000','好皇帝'),(2,'admin1','123456','管理员1',NULL,1,'','2016-03-14 09:53:14.380000','2016-03-14 09:53:14.380000','内阁总管'),(3,'admin2','123456','管理员2',NULL,1,'','2016-03-14 09:53:27.910000','2016-03-14 09:53:27.910000','内阁总管'),(4,'admin3','123456','管理员3',NULL,1,'','2016-03-14 09:53:36.367000','2016-03-14 09:53:36.367000','内阁总管'),(5,'admin4','123456','管理员4',NULL,1,'','2016-03-14 09:53:45.683000','2016-03-14 09:53:45.683000','内阁总管'),(6,'admin5','123456','管理员5',NULL,1,'','2016-03-14 09:53:57.647000','2016-03-14 09:53:57.647000','内阁总管'),(7,'admin6','123456','管理员6',NULL,1,'','2016-03-14 09:54:05.393000','2016-03-14 09:54:05.393000','内阁总管'),(8,'admin7','123456','管理员7',NULL,1,'','2016-03-14 09:54:12.717000','2016-03-14 09:54:12.717000','内阁总管'),(9,'admin8','123456','管理员8',NULL,1,'','2016-03-14 09:54:21.290000','2016-03-14 09:54:21.290000','内阁总管'),(10,'admin9','123456','管理员9',NULL,1,'','2016-03-14 09:54:29.183000','2016-03-14 09:54:29.183000','内阁总管'),(11,'admin10','123456','管理员10',NULL,2,'','2016-03-14 09:54:36.927000','2016-03-14 09:54:36.927000','内阁总管'),(12,'admin11','123456','管理员11',NULL,2,'','2016-03-14 09:54:44.440000','2016-03-14 09:54:44.440000','内阁总管'),(13,'admin12','123456','管理员12',NULL,2,'','2016-03-14 09:54:52.293000','2016-03-14 09:54:52.293000','内阁总管'),(14,'admin13','123456','管理员13',NULL,1,'','2016-03-14 09:54:59.203000','2016-03-14 09:54:59.203000','内阁总管'),(15,'admin14','123456','管理员14',NULL,1,'','2016-03-14 09:55:07.010000','2016-03-14 09:55:07.010000','内阁总管'),(16,'admin15','123456','管理员15',NULL,1,'','2016-03-14 09:55:14.960000','2016-03-14 09:55:14.960000','内阁总管'),(17,'admin16','123456','管理员16',NULL,1,'','2016-03-14 09:55:22.100000','2016-03-14 09:55:22.100000','内阁总管'),(18,'moon1','123456','第五种族',NULL,2,'\0','2016-03-14 09:55:28.757000','2016-05-06 11:54:56.673000',NULL),(19,'admin18','123456','管理员18',NULL,1,'\0','2016-03-14 09:55:36.713000','2016-03-14 09:55:36.713000','内阁总管'),(20,'admin19','123456','管理员19',NULL,1,'','2016-03-14 09:55:43.930000','2016-03-14 09:55:43.930000','内阁总管'),(21,'admin20','123456','管理员20',NULL,1,'','2016-03-14 09:55:53.020000','2016-03-14 09:55:53.020000','内阁总管'),(22,'admin21','123456','管理员21',NULL,1,'','2016-03-14 09:56:01.597000','2016-03-14 09:56:01.597000','内阁总管'),(23,'admin22','123456','管理员22',NULL,1,'','2016-03-14 09:56:08.280000','2016-03-14 09:56:08.280000','内阁总管'),(24,'admin23','123456','管理员23',NULL,1,'','2016-03-14 09:56:15.353000','2016-03-14 09:56:15.353000','内阁总管'),(25,'admin24','123456','管理员24',NULL,1,'','2016-03-14 09:56:24.387000','2016-03-14 09:56:24.387000','内阁总管'),(26,'admin25','123456','管理员25',NULL,1,'','2016-03-14 09:56:31.940000','2016-03-14 09:56:31.940000','内阁总管'),(27,'whywhy898','123456','小红红',NULL,1,'','2016-03-16 17:09:55.080000',NULL,'也许吧'),(28,'whywhy999','123456','小绿绿',NULL,1,'\0','2016-03-16 17:23:47.013000',NULL,'你好'),(29,'laoWang','123456','老王',NULL,2,'','2016-03-16 17:28:39.153000','2016-04-14 17:23:59.163000','老虎来了'),(30,'xiaoniu','123456','大妞',NULL,1,'','2016-03-17 14:55:51.760000','2016-03-17 15:25:23.490000','这是我的大妞谁都别动！~'),(31,'nana','123456','娜就是神','20160423-nana.jpg',1,'\0','2016-04-15 14:02:09.457000','2016-04-23 14:52:52.183000','我去恶趣味'),(32,'jimi','123456','吉米1','20160423-fd7bc8df93a2c6b56cd328e7b968c6f9.jpg',2,'','2016-04-23 14:57:06.937000','2016-04-23 15:47:10.183000','吉米小子里面的主角'),(33,'Envrioment','123456','环境','',2,'\0','2016-05-06 11:36:48.623000',NULL,NULL),(34,'sky','123123','天王','',2,'\0','2016-05-06 11:55:48.913000',NULL,NULL),(35,'why778','123456','小杰','',3,'','2017-04-07 10:30:12.873000',NULL,'只是个天才'),(36,'layer1','123456','弹出层','20170425-u=2264996490,553047999&fm=23&gp=0.jpg',3,'','2017-04-25 18:00:09.177000','2017-05-10 17:34:43.747000','第一次请求'),(37,'layer2','123456','弹出层2','20170425-u=1278896632,2852512441&fm=11&gp=0.jpg',3,'','2017-04-25 18:04:17.637000',NULL,'123123123123'),(38,'layer3','123456','adawd','',3,'\0','2017-04-25 18:05:20.007000',NULL,NULL),(39,'layer4','123456','小鳄鱼1','20170426-u=1628747648,1114534703fm=23gp=0.jpg',3,'\0','2017-04-26 10:16:39.323000','2017-04-26 14:20:02.603000','我是一只鳄鱼王1'),(40,'layer5','123456','关羽','20170426-u=3022300017,1716944448fm=11gp=0.jpg.png',3,'\0','2017-04-26 15:18:45.340000','2017-05-11 14:41:24.023000','阿斯达是大势'),(41,'liubang','123456','刘邦101','20170512-u=2264996490,553047999fm=23gp=0.jpg',1,'\0','2017-05-12 10:31:44.077000','2017-05-12 10:31:55.907000','刘邦牛逼'),(42,'mysql','123456','我是mysql','',3,'','2017-06-08 13:48:00.327872',NULL,NULL);

/*!40101 SET SQL_MODE=@OLD_SQL_MODE */;
/*!40014 SET FOREIGN_KEY_CHECKS=@OLD_FOREIGN_KEY_CHECKS */;
/*!40014 SET UNIQUE_CHECKS=@OLD_UNIQUE_CHECKS */;
/*!40111 SET SQL_NOTES=@OLD_SQL_NOTES */;
